timestamp,open,high,low,close,volume,close_time,quote_av,trades,tb_base_av,tb_quote_av,ignore
2019-03-27,10.85000000,10.85000000,8.87000000,9.39400000,1829.90000000,1553731199999,16751.10359200,102,492.71700000,4592.95056400,0
2019-03-28,9.30000000,9.30300000,9.08500000,9.18700000,940.49000000,1553817599999,8601.63672900,30,182.75500000,1694.82320000,0
2019-03-29,9.08700000,9.87900000,9.08700000,9.87900000,1505.29400000,1553903999999,14399.17391200,81,655.02000000,6305.92595300,0
2019-03-30,10.02500000,10.24000000,9.68000000,9.95200000,3044.65600000,1553990399999,30303.35278600,150,568.71100000,5664.51687200,0
2019-03-31,9.85500000,10.06700000,9.62700000,10.04500000,678.33200000,1554076799999,6668.22092000,59,171.26900000,1694.94786800,0
2019-04-01,10.04500000,10.11800000,9.81500000,10.07000000,3708.47700000,1554163199999,37111.55636000,104,2140.28900000,21373.89761000,0
2019-04-02,10.07800000,11.79900000,10.07800000,11.77600000,8770.10100000,1554249599999,96520.77844200,425,5697.28300000,63120.55359500,0
2019-04-03,11.73400000,13.88400000,11.21000000,12.09000000,14407.45400000,1554335999999,182931.97592700,569,5190.36100000,65033.79548600,0
2019-04-04,12.13100000,13.67000000,11.96700000,12.72500000,8497.63800000,1554422399999,108404.60290400,357,3312.57400000,42796.77557700,0
2019-04-05,13.02200000,13.75000000,12.72500000,13.67900000,4685.15500000,1554508799999,62126.62113300,202,3101.02100000,41382.21882400,0
2019-04-06,13.42900000,13.67000000,12.78100000,13.07000000,6590.79800000,1554595199999,87453.32554900,259,3330.96200000,44304.54594700,0
2019-04-07,13.00800000,13.25300000,12.60200000,12.90000000,2181.81300000,1554681599999,28155.65828300,130,564.77000000,7297.90657500,0
2019-04-08,12.90000000,13.30000000,12.10000000,12.67000000,4594.25100000,1554767999999,58344.25848800,219,1526.55800000,19320.78456500,0
2019-04-09,12.55200000,12.59000000,11.90000000,12.22100000,12324.95400000,1554854399999,150977.30856100,491,512.40600000,6348.82485100,0
2019-04-10,12.25000000,12.86600000,12.25000000,12.51800000,5677.74300000,1554940799999,71256.88462900,283,1940.15300000,24447.15115700,0
2019-04-11,12.43500000,12.43500000,10.77500000,11.18000000,6682.15000000,1555027199999,76066.54234200,290,3185.36000000,36280.06370700,0
2019-04-12,11.18000000,11.57000000,10.63700000,11.30500000,4335.41500000,1555113599999,47902.65678500,185,1764.85600000,19511.30185900,0
2019-04-13,11.36000000,11.40800000,11.00000000,11.02000000,398.48400000,1555199999999,4501.50788400,28,287.37200000,3255.92288000,0
2019-04-14,11.03700000,11.35300000,10.84900000,11.35300000,1360.82300000,1555286399999,14921.05287100,60,628.43800000,6882.08335800,0
2019-04-15,11.41000000,11.47400000,10.39500000,10.72800000,3518.17200000,1555372799999,37883.42759300,146,1705.20000000,18307.74833500,0
2019-04-16,10.70000000,11.10700000,10.55800000,10.91900000,1437.73200000,1555459199999,15567.41649900,95,750.10600000,8151.91167200,0
2019-04-17,10.89000000,11.13000000,10.83300000,11.05200000,2302.56500000,1555545599999,25185.41000300,72,1016.93700000,11126.85376300,0
2019-04-18,11.02700000,11.38500000,11.02700000,11.30800000,2475.27200000,1555631999999,28015.62739500,105,1149.93600000,12989.26310800,0
2019-04-19,11.30700000,11.30700000,10.85800000,11.03000000,1752.00700000,1555718399999,19216.02363500,70,573.40700000,6277.58289500,0
2019-04-20,11.07300000,11.14800000,10.83200000,11.01500000,1015.70600000,1555804799999,11173.67290000,42,236.35300000,2599.83787800,0
2019-04-21,11.06500000,11.06500000,10.16500000,10.58100000,1811.66500000,1555891199999,19046.96062600,108,1006.69200000,10519.30230600,0
2019-04-22,10.55100000,10.95100000,10.48900000,10.93700000,4835.52400000,1555977599999,52667.34831700,154,465.01300000,5055.96076200,0
2019-04-23,10.80000000,11.06900000,10.28000000,10.28000000,3616.53700000,1556063999999,39043.00695100,172,904.14100000,9854.86387900,0
2019-04-24,10.32300000,10.38900000,9.44100000,9.90100000,4534.78800000,1556150399999,44759.30394000,232,2865.93300000,28299.56332200,0
2019-04-25,10.01700000,10.29700000,9.20000000,9.46300000,6734.74100000,1556236799999,65037.13772200,257,2637.34600000,25433.15183800,0
2019-04-26,9.40000000,9.42700000,8.75000000,9.25200000,14206.68500000,1556323199999,129028.86854700,347,5265.13100000,47754.07679600,0
2019-04-27,9.24700000,9.42800000,9.06000000,9.38100000,2599.83500000,1556409599999,24253.83538600,103,938.75200000,8760.94146400,0
2019-04-28,9.37500000,9.42800000,9.01100000,9.01700000,2085.54100000,1556495999999,19215.21049800,82,865.86000000,8001.39052100,0
2019-04-29,9.05100000,9.85200000,9.03300000,9.42000000,5944.66700000,1556582399999,55606.45146600,178,2551.71400000,24091.98162600,0
2019-04-30,9.33200000,9.65100000,9.20600000,9.60400000,8631.61100000,1556668799999,81304.21241200,230,5333.16200000,50255.21556100,0
2019-05-01,9.65200000,9.77900000,9.36000000,9.54500000,4421.80600000,1556755199999,42458.65820600,204,2638.74100000,25383.47780100,0
2019-05-02,9.55000000,9.86200000,9.55000000,9.69600000,2701.59600000,1556841599999,26166.81325900,143,1741.17300000,16881.35337000,0
2019-05-03,9.67000000,10.05000000,9.55000000,9.76600000,7896.85600000,1556927999999,77811.27013300,288,1434.22800000,14233.94316700,0
2019-05-04,9.80700000,9.99400000,9.05500000,9.34100000,6347.86700000,1557014399999,60105.33345500,306,2818.01000000,26878.92463800,0
2019-05-05,9.34900000,9.48800000,9.07000000,9.14500000,1908.33500000,1557100799999,17679.19614100,79,311.74900000,2903.43428800,0
2019-05-06,9.14600000,9.29900000,8.72000000,9.06200000,10417.73000000,1557187199999,93626.17078900,416,3376.40700000,30302.60730200,0
2019-05-07,9.22900000,9.34200000,8.71100000,8.81700000,5155.11400000,1557273599999,46859.20022900,269,2661.16300000,24209.26580900,0
2019-05-08,8.74600000,9.02400000,8.53900000,8.96000000,3802.98400000,1557359999999,33226.94103100,186,1531.74400000,13485.33352700,0
2019-05-09,8.98000000,9.24000000,8.37500000,8.60400000,8997.71300000,1557446399999,78363.34675900,384,3448.85600000,30212.79648900,0
2019-05-10,8.64100000,8.98300000,8.25000000,8.72300000,7753.64400000,1557532799999,67075.59701900,390,3116.21800000,27307.60580200,0
2019-05-11,8.73500000,10.29000000,8.20000000,9.59000000,21489.99500000,1557619199999,208095.41776500,943,12372.15100000,120555.25223800,0
2019-05-12,9.90100000,10.07600000,8.95300000,9.15600000,20279.14300000,1557705599999,190666.39920700,786,6878.39700000,64924.94698200,0
2019-05-13,9.23700000,10.14000000,9.23700000,9.61000000,16052.74200000,1557791999999,156668.52768100,638,9459.10200000,92375.76513200,0
2019-05-14,9.71100000,11.14500000,9.71100000,11.12300000,27043.39600000,1557878399999,284795.44435700,1283,14494.76600000,153121.89647200,0
2019-05-15,11.14300000,13.01000000,10.84100000,12.96400000,24336.94700000,1557964799999,293921.57528700,1156,12216.74000000,148223.59672800,0
2019-05-16,12.95700000,13.89900000,11.35100000,12.08500000,47649.63700000,1558051199999,609037.98237100,2241,18509.15800000,235081.01099000,0
2019-05-17,12.11800000,12.28300000,10.43600000,11.20800000,26376.85300000,1558137599999,290446.81128900,1469,10941.94200000,120682.00036700,0
2019-05-18,11.26300000,11.48700000,10.52100000,10.73900000,9050.22500000,1558223999999,98924.26445500,563,3830.93300000,41920.99518000,0
2019-05-19,10.72500000,12.06900000,10.62900000,11.79900000,17493.03300000,1558310399999,201466.20559600,906,6485.86600000,74760.63616800,0
2019-05-20,11.79700000,12.55500000,10.84200000,12.22300000,23003.34800000,1558396799999,268879.23429900,1195,11126.35900000,130186.30251000,0
2019-05-21,12.08000000,12.65800000,11.73800000,12.22000000,11321.45100000,1558483199999,139039.51846300,556,4420.42500000,54464.79478500,0
2019-05-22,12.12900000,12.29800000,11.00400000,11.20000000,11740.85200000,1558569599999,136243.49913600,714,5331.75100000,62169.63744500,0
2019-05-23,11.07300000,11.53400000,10.70200000,11.50500000,8116.26900000,1558655999999,91441.80906100,367,4219.50500000,47864.64102900,0
2019-05-24,11.44700000,11.99000000,11.09500000,11.50300000,10420.91200000,1558742399999,121351.95138700,611,4890.78900000,57199.06438100,0
2019-05-25,11.56700000,11.77700000,11.38900000,11.47000000,2258.26900000,1558828799999,26037.91997100,176,857.73200000,9915.55060100,0
2019-05-26,11.47000000,12.20900000,11.20400000,11.92700000,13435.07400000,1558915199999,157834.03951700,645,4018.20500000,47122.97525000,0
2019-05-27,12.06300000,12.79100000,11.90800000,12.42300000,15639.24200000,1559001599999,191380.07809400,812,8507.77800000,104043.67947300,0
2019-05-28,12.41200000,12.83900000,11.97700000,12.69700000,9760.33400000,1559087999999,120449.17999300,564,5704.07600000,70247.26598700,0
2019-05-29,12.64900000,14.49900000,11.80600000,13.61800000,30280.72400000,1559174399999,408388.92820300,1418,12808.26600000,174094.58590600,0
2019-05-30,13.61800000,14.98800000,11.68800000,12.57700000,42352.99200000,1559260799999,576893.08450400,2110,19191.46300000,263904.88084800,0
2019-05-31,12.53800000,13.63000000,12.17000000,13.58400000,18083.79500000,1559347199999,234297.72451800,781,10114.12500000,132210.61579500,0
2019-06-01,13.57000000,14.39600000,13.30000000,13.69000000,12678.66400000,1559433599999,175973.15517100,833,4457.99200000,61901.92438900,0
2019-06-02,13.75900000,14.24600000,13.63100000,14.18000000,8098.86700000,1559519999999,112697.15658600,387,2564.18900000,35724.74704400,0
2019-06-03,14.13000000,14.13000000,12.40000000,12.40000000,17980.21500000,1559606399999,235337.41125300,793,8735.63000000,113919.41065900,0
2019-06-04,12.38200000,12.42400000,10.98000000,11.43300000,20496.15100000,1559692799999,241806.71321900,880,5619.93100000,65591.93703600,0
2019-06-05,11.48200000,11.83200000,11.16500000,11.60800000,10217.37600000,1559779199999,118064.48274600,406,3854.10400000,44685.33006100,0
2019-06-06,11.60100000,11.86700000,11.01300000,11.75000000,5653.78000000,1559865599999,64416.46395100,356,2280.84900000,26192.55454100,0
2019-06-07,11.69200000,12.61100000,11.48200000,12.24800000,9413.94000000,1559951999999,113598.67668300,526,4525.16500000,54664.02881000,0
2019-06-08,12.18200000,12.45400000,11.75700000,11.98700000,6332.72500000,1560038399999,76236.96837200,290,3758.06800000,45143.59410400,0
2019-06-09,11.99400000,12.06600000,11.24400000,11.59200000,4911.79100000,1560124799999,56866.88884900,198,2102.40200000,24481.41089100,0
2019-06-10,11.50000000,12.56700000,11.44000000,12.35800000,9423.07700000,1560211199999,115280.27153000,460,5828.44600000,71444.16088700,0
2019-06-11,12.32400000,12.50000000,11.76100000,12.33700000,11594.27300000,1560297599999,140913.41395900,454,5801.24400000,70902.42442700,0
2019-06-12,12.30000000,13.06500000,12.15000000,12.99200000,20689.74300000,1560383999999,262212.26587800,714,11192.84600000,142487.52703700,0
2019-06-13,12.99200000,13.68300000,12.74400000,13.08400000,11942.42400000,1560470399999,156910.96517400,604,6014.59000000,78742.17824900,0
2019-06-14,13.12300000,13.58000000,12.55800000,13.57900000,9752.91700000,1560556799999,126334.35937200,406,4241.27400000,55097.68399900,0
2019-06-15,13.58000000,14.48800000,13.58000000,13.94100000,14121.68300000,1560643199999,196997.11320800,759,7453.78500000,104311.01600300,0
2019-06-16,13.94100000,14.59900000,13.76200000,14.03100000,14820.66200000,1560729599999,208885.82767300,659,5488.60100000,77135.07192500,0
2019-06-17,14.10700000,14.78000000,13.95700000,14.18200000,11190.06500000,1560815999999,160524.53608900,554,4889.44200000,70343.95678100,0
2019-06-18,14.20300000,14.20300000,13.31100000,13.64000000,14050.90900000,1560902399999,192319.50910300,554,3914.90700000,53603.00329600,0
2019-06-19,13.65500000,14.02800000,13.50000000,13.81300000,10657.82300000,1560988799999,146955.80038800,432,5988.70400000,82797.13616900,0
2019-06-20,13.78400000,13.78400000,13.24000000,13.62400000,10351.85400000,1561075199999,139561.37022000,408,4052.83400000,54633.38527900,0
2019-06-21,13.62400000,14.15400000,13.62400000,14.15400000,12140.10900000,1561161599999,168309.46573900,509,6988.69500000,97013.54188600,0
2019-06-22,14.09900000,19.32000000,14.01500000,17.50000000,46014.84300000,1561247999999,772588.59717900,2702,25745.00100000,426017.85294200,0
2019-06-23,17.56800000,18.79800000,16.51000000,16.62100000,16311.21500000,1561334399999,286964.97041800,946,8164.50800000,144118.80108200,0
2019-06-24,16.51900000,18.31400000,16.25900000,17.90000000,15348.14400000,1561420799999,271027.48310700,828,9217.30900000,163035.88127900,0
2019-06-25,17.96300000,19.66000000,17.49000000,19.46100000,19490.87700000,1561507199999,360792.39283300,1325,9430.37000000,175278.80298100,0
2019-06-26,19.59800000,20.89000000,16.80000000,19.17300000,40723.18000000,1561593599999,783016.07903600,2600,14957.52300000,289220.97975100,0
2019-06-27,19.17300000,20.04300000,15.76700000,16.98600000,19970.49000000,1561679999999,350754.92565800,1258,9192.65600000,162707.23787100,0
2019-06-28,16.95700000,18.65700000,16.49100000,17.88000000,11218.72900000,1561766399999,200440.72877800,583,6031.70100000,107558.97226900,0
2019-06-29,18.16200000,18.98000000,17.19800000,18.50000000,10550.86700000,1561852799999,189344.13351400,581,6082.88000000,109474.59321000,0
2019-06-30,18.48700000,18.49500000,16.60000000,16.60000000,9169.41400000,1561939199999,159076.60640500,490,2730.50200000,47084.94543200,0
2019-07-01,16.50500000,17.28300000,15.40600000,16.92700000,14944.61800000,1562025599999,243544.85709400,812,4465.86700000,73704.39674800,0
2019-07-02,17.01600000,18.28200000,16.07900000,17.84700000,12032.07700000,1562111999999,203607.45082900,731,5493.18300000,92453.13757500,0
2019-07-03,18.04300000,18.25400000,17.29400000,17.88300000,21358.47400000,1562198399999,374881.01309300,822,3571.02900000,63340.30283900,0
2019-07-04,18.00000000,18.12400000,17.00000000,17.04900000,3138.17700000,1562284799999,55402.10399000,229,970.31000000,17264.81414300,0
2019-07-05,16.91400000,17.36900000,16.75300000,16.99400000,5507.06800000,1562371199999,93673.80287600,365,1584.50800000,27001.78346700,0
2019-07-06,17.10800000,17.50000000,16.80000000,16.84000000,6129.37900000,1562457599999,105943.51411500,468,3197.14500000,55476.10702000,0
2019-07-07,16.82000000,17.24700000,16.50200000,17.24700000,4670.91400000,1562543999999,78864.75085400,352,1160.23100000,19539.79768200,0
2019-07-08,17.13400000,17.71700000,16.93200000,17.63800000,5813.85400000,1562630399999,100692.78764300,361,2648.79900000,45955.93342000,0
2019-07-09,17.50000000,18.03800000,17.11300000,17.26700000,6768.49400000,1562716799999,118472.77769400,439,3524.28300000,61943.71449000,0
2019-07-10,17.34800000,17.42000000,15.45600000,16.19900000,8652.16900000,1562803199999,141295.07172800,690,3292.00000000,54170.34335400,0
2019-07-11,16.12500000,16.13000000,14.21800000,14.54800000,10441.82200000,1562889599999,158401.25596100,669,3418.84300000,52058.43273700,0
2019-07-12,14.44600000,15.57000000,14.32900000,15.48300000,3996.15900000,1562975999999,60594.24705200,297,1846.70100000,27971.42224600,0
2019-07-13,15.31300000,15.31300000,13.57800000,14.17000000,3782.89900000,1563062399999,53724.53946000,271,1725.16800000,24441.69962400,0
2019-07-14,14.23400000,14.23400000,11.94100000,12.06300000,10485.72700000,1563148799999,135371.57864000,727,3356.60700000,43145.90120900,0
2019-07-15,11.99700000,12.46900000,11.25200000,12.34600000,16246.50100000,1563235199999,194254.31087100,724,7603.89600000,91938.19178600,0
2019-07-16,12.47400000,12.58900000,10.10000000,10.21400000,17975.76800000,1563321599999,203256.11688000,842,5254.93100000,60300.35683900,0
2019-07-17,10.24300000,11.24800000,9.81900000,10.70200000,12231.17600000,1563407999999,128935.96370900,582,7751.72000000,81941.71455600,0
2019-07-18,10.74200000,13.52000000,10.56500000,13.01500000,16987.94800000,1563494399999,208164.32837400,837,7292.19600000,88624.79817900,0
2019-07-19,12.99600000,13.26700000,12.21000000,13.05800000,13421.79000000,1563580799999,170147.55028800,555,5834.09500000,75087.89084900,0
2019-07-20,13.00000000,13.90100000,12.80900000,13.41200000,5756.40000000,1563667199999,76943.74579800,292,2690.16800000,36085.47518500,0
2019-07-21,13.51500000,13.63400000,12.49900000,12.96000000,5487.92100000,1563753599999,71510.26000400,307,1788.13400000,23425.94219800,0
2019-07-22,13.06700000,13.07900000,11.66000000,12.05000000,8306.38400000,1563839999999,101036.11799100,387,2900.70800000,35719.39125600,0
2019-07-23,11.84900000,12.07600000,11.15800000,11.16900000,6080.04200000,1563926399999,70106.43656600,303,2090.80600000,24213.83164700,0
2019-07-24,11.12000000,12.05100000,10.82000000,11.90000000,9578.49300000,1564012799999,110252.87488300,357,3975.96400000,45325.52091500,0
2019-07-25,11.80000000,12.38700000,11.80000000,11.96000000,4721.81000000,1564099199999,57203.39677900,227,2573.65200000,31193.92780600,0
2019-07-26,11.87700000,12.10200000,11.60600000,11.96700000,1728.12800000,1564185599999,20487.66862600,112,716.82500000,8490.00860400,0
2019-07-27,11.99900000,12.33800000,11.07700000,11.35000000,4757.51600000,1564271999999,55403.23615400,275,2219.00700000,26096.36704600,0
2019-07-28,11.27900000,11.50800000,10.56300000,11.28600000,7681.39900000,1564358399999,85787.15349600,252,2535.24300000,28475.98220800,0
2019-07-29,11.26300000,11.52600000,11.00000000,11.27500000,1645.60000000,1564444799999,18549.48666700,102,1127.14300000,12723.24067800,0
2019-07-30,11.27500000,11.41000000,11.00100000,11.27700000,1703.86700000,1564531199999,19052.65048800,103,759.58900000,8514.37513100,0
2019-07-31,11.34700000,12.00000000,11.34700000,11.70000000,7425.62100000,1564617599999,86652.31794100,323,2535.40200000,29620.40051500,0
2019-08-01,11.73500000,11.86000000,11.35200000,11.86000000,7039.79900000,1564703999999,81150.61440600,210,4749.32200000,54737.15233600,0
2019-08-02,11.76700000,11.99200000,11.50000000,11.54100000,2758.74800000,1564790399999,32541.86751900,156,1071.88400000,12695.11165300,0
2019-08-03,11.74600000,12.17700000,11.74600000,12.15100000,3242.88300000,1564876799999,38815.42866800,154,1713.26100000,20473.55793800,0
2019-08-04,12.18300000,12.30000000,11.78300000,11.92800000,2596.50900000,1564963199999,31169.93955400,231,1095.78600000,13162.22680400,0
2019-08-05,11.92800000,12.59100000,11.92200000,12.00000000,9412.91300000,1565049599999,115506.58740700,424,3882.22900000,47816.41284000,0
2019-08-06,11.97600000,12.21900000,11.11000000,11.36000000,6180.86500000,1565135999999,71711.20126800,356,1161.90600000,13653.37270500,0
2019-08-07,11.27500000,11.62700000,11.08900000,11.32100000,1603.86800000,1565222399999,18177.82528600,141,374.00200000,4258.20861700,0
2019-08-08,11.31000000,11.31000000,10.58000000,10.91200000,4991.83900000,1565308799999,54066.40258600,262,1671.03900000,18056.18597100,0
2019-08-09,10.80300000,10.80300000,10.22000000,10.35300000,2418.58900000,1565395199999,25264.39607600,183,864.60700000,9019.11658800,0
2019-08-10,10.46000000,11.25000000,10.17300000,10.57900000,4552.79300000,1565481599999,49128.03446100,315,1748.77000000,18950.04842500,0
2019-08-11,10.58500000,11.12500000,10.53300000,11.09100000,1994.93300000,1565567999999,21697.54335200,125,1501.42900000,16350.73523200,0
2019-08-12,11.01900000,11.01900000,10.63800000,10.67600000,569.36500000,1565654399999,6129.04541600,58,338.25900000,3646.67267300,0
2019-08-13,10.65700000,10.67000000,10.17100000,10.48100000,2914.73900000,1565740799999,30301.26419200,207,796.47100000,8303.41697700,0
2019-08-14,10.39800000,10.42800000,9.14500000,9.29200000,3182.10700000,1565827199999,31073.12470800,265,642.65500000,6305.82878400,0
2019-08-15,9.43200000,10.02000000,9.42300000,9.86900000,5219.69600000,1565913599999,50605.91666400,221,1816.67100000,17569.77603900,0
2019-08-16,9.96900000,10.01500000,9.43500000,9.77000000,1210.95700000,1565999999999,11785.29527700,118,528.30600000,5111.45566900,0
2019-08-17,9.77000000,9.86600000,9.52700000,9.66200000,3730.94800000,1566086399999,36308.51850500,87,2893.18400000,28156.88254300,0
2019-08-18,9.67300000,10.11900000,9.57600000,9.85600000,3307.11400000,1566172799999,32885.78313700,172,1463.12000000,14552.68900400,0
2019-08-19,9.81900000,10.15000000,9.81900000,10.11500000,2286.42500000,1566259199999,22960.54861800,148,749.37100000,7529.04633000,0
2019-08-20,10.01800000,10.01800000,9.72100000,9.91800000,1228.97200000,1566345599999,12107.17228100,104,492.85000000,4868.49116100,0
2019-08-21,9.81900000,9.88000000,9.20000000,9.51300000,4751.95400000,1566431999999,44359.71593700,233,834.41400000,7871.31546800,0
2019-08-22,9.49800000,9.86900000,9.26500000,9.86900000,1051.17700000,1566518399999,10076.65450600,115,263.20500000,2515.65450600,0
2019-08-23,9.77000000,10.31700000,9.72100000,9.89800000,3197.03600000,1566604799999,31854.01757000,176,2035.37800000,20366.55255500,0
2019-08-24,9.91800000,10.41500000,9.57600000,10.07000000,1701.60800000,1566691199999,17068.37772800,167,853.94500000,8582.48221100,0
2019-08-25,10.10500000,10.14500000,9.45800000,9.67300000,2806.39300000,1566777599999,27835.22555700,160,691.62400000,6746.53245800,0
2019-08-26,9.72100000,9.96900000,9.67300000,9.84200000,1982.00100000,1566863999999,19459.18127600,89,1116.60900000,10971.66391300,0
2019-08-27,9.73200000,9.73200000,9.48000000,9.56200000,1628.38200000,1566950399999,15659.88529500,130,382.09600000,3666.33387200,0
2019-08-28,9.49100000,9.62400000,8.95900000,9.15200000,4047.80600000,1567036799999,37254.15509300,238,773.51800000,7220.16425000,0
2019-08-29,9.09400000,9.09400000,8.51000000,8.76300000,2333.56600000,1567123199999,20395.56685800,189,579.15100000,5048.97141000,0
2019-08-30,8.76300000,8.85600000,8.68000000,8.76400000,1330.73500000,1567209599999,11662.04874300,115,581.46700000,5114.40789800,0
2019-08-31,8.75700000,8.86300000,8.56500000,8.80000000,2406.15400000,1567295999999,21161.41361800,120,1135.66100000,10014.42637300,0
2019-09-01,8.82600000,8.82600000,8.70000000,8.76900000,545.66600000,1567382399999,4792.64445900,32,386.19000000,3395.26022400,0
2019-09-02,8.77400000,9.33700000,8.77400000,9.16300000,1721.71300000,1567468799999,15412.79045600,121,561.37600000,5009.52161400,0
2019-09-03,9.18300000,9.38900000,9.08500000,9.26800000,1228.88500000,1567555199999,11359.18334600,117,841.57100000,7787.46917700,0
2019-09-04,9.22000000,9.31200000,8.98200000,9.03700000,4232.08900000,1567641599999,38694.32945800,189,1949.52500000,17833.78528500,0
2019-09-05,9.01400000,9.07600000,8.76900000,8.97500000,2357.43300000,1567727999999,21019.80055100,134,989.69100000,8823.09387900,0
2019-09-06,9.05000000,9.31400000,8.61300000,8.74300000,9698.40200000,1567814399999,87866.95584300,262,7339.32700000,66706.32573000,0
2019-09-07,8.74300000,9.26300000,8.74300000,9.08000000,1251.39200000,1567900799999,11351.50320000,98,622.17100000,5645.56094200,0
2019-09-08,9.13000000,9.30600000,8.94700000,9.20000000,1667.51300000,1567987199999,15355.24510100,114,995.98800000,9167.71090600,0
2019-09-09,9.20000000,9.22100000,8.82700000,9.12900000,3560.06300000,1568073599999,32354.34595100,115,525.71800000,4772.44354300,0
2019-09-10,9.14000000,9.20400000,8.64400000,8.81300000,1249.08300000,1568159999999,11165.16608500,109,169.54200000,1502.25409000,0
2019-09-11,8.85800000,9.03600000,8.67000000,8.80000000,2683.66600000,1568246399999,23545.46834400,187,1273.82900000,11169.69855700,0
2019-09-12,8.81000000,9.05500000,8.73100000,9.05500000,5052.54300000,1568332799999,45095.37099800,217,3464.05100000,30914.30141800,0
2019-09-13,9.05000000,9.05000000,8.81300000,8.94700000,933.25300000,1568419199999,8362.17861700,63,370.19600000,3322.02513700,0
2019-09-14,8.94700000,9.22000000,8.89800000,9.14400000,3498.38400000,1568505599999,31837.16861700,140,2364.82900000,21555.07534400,0
2019-09-15,9.14400000,9.16200000,9.03700000,9.09500000,1142.56500000,1568591999999,10351.22159800,45,895.88500000,8112.69204700,0
2019-09-16,9.09700000,9.21900000,8.88800000,9.11500000,3364.42000000,1568678399999,30422.02701700,100,2111.61500000,19106.20222000,0
2019-09-17,9.12900000,9.88600000,9.08000000,9.50100000,5359.50800000,1568764799999,50005.35726400,277,3590.17300000,33056.13073400,0
2019-09-18,9.59600000,10.32000000,9.59600000,10.12100000,8123.97800000,1568851199999,80463.51066000,348,1654.28200000,16456.90883700,0
2019-09-19,10.08600000,10.08600000,9.29200000,9.81600000,6894.68100000,1568937599999,66071.63433700,314,3223.05800000,30904.92145900,0
2019-09-20,9.69200000,9.69200000,9.26600000,9.54200000,1485.54900000,1569023999999,14135.38163300,111,743.60200000,7094.42738300,0
2019-09-21,9.54200000,9.63400000,9.37600000,9.41300000,1294.31100000,1569110399999,12377.05255700,78,585.91000000,5614.72166400,0
2019-09-22,9.35500000,9.35500000,9.03100000,9.03100000,1178.53900000,1569196799999,10692.45625200,68,350.08100000,3165.74568900,0
2019-09-23,9.02000000,9.12900000,8.50000000,8.63900000,2848.92800000,1569283199999,25201.29926600,186,1324.50300000,11624.41601100,0
2019-09-24,8.66900000,8.74700000,6.67100000,7.29000000,8313.90100000,1569369599999,65573.41018400,425,2808.43600000,22476.69768700,0
2019-09-25,7.29000000,7.61800000,6.96400000,7.46800000,4453.65500000,1569455999999,32445.05061600,324,1787.00400000,13006.01895600,0
2019-09-26,7.46800000,7.50500000,6.70000000,7.14100000,3334.25300000,1569542399999,23531.43992300,223,1057.93500000,7583.39261600,0
2019-09-27,7.14500000,7.46800000,6.97600000,7.30900000,3620.21700000,1569628799999,25842.53750600,148,1433.72200000,10227.92671400,0
2019-09-28,7.39400000,7.50500000,7.14100000,7.28400000,1209.89500000,1569715199999,8841.93603000,99,235.80600000,1731.60414900,0
2019-09-29,7.30000000,7.32400000,6.96400000,7.17600000,1893.92800000,1569801599999,13450.25524400,81,1271.77700000,9041.79098200,0
2019-09-30,7.10500000,7.61800000,6.89500000,7.61800000,1290.67700000,1569887999999,9409.62441600,106,731.13200000,5372.77247900,0
2019-10-01,7.62800000,8.07900000,7.46000000,7.46800000,2928.09600000,1569974399999,22582.58360000,237,1224.55700000,9430.59880600,0
2019-10-02,7.51000000,7.65600000,7.34800000,7.65600000,1536.45300000,1570060799999,11469.64891500,109,438.48600000,3287.81073300,0
2019-10-03,7.63800000,7.63800000,7.17600000,7.37000000,2671.46700000,1570147199999,19685.27433800,140,666.71500000,4900.02145300,0
2019-10-04,7.33000000,7.50100000,7.17600000,7.36600000,2066.05300000,1570233599999,15120.80167900,100,983.80500000,7229.49700100,0
2019-10-05,7.36600000,7.39400000,7.21100000,7.37700000,759.87800000,1570319999999,5553.51090800,66,341.32000000,2494.28830600,0
2019-10-06,7.37800000,7.39400000,6.91100000,7.13900000,2589.10400000,1570406399999,18507.47553600,161,681.34300000,4884.26982500,0
2019-10-07,7.09600000,7.54200000,7.00000000,7.47500000,2114.63500000,1570492799999,15189.53516300,133,764.74500000,5551.51475900,0
2019-10-08,7.54100000,7.58400000,7.34500000,7.53000000,2079.53500000,1570579199999,15504.68626100,120,918.01500000,6820.55306600,0
2019-10-09,7.53000000,7.82900000,7.40400000,7.79200000,5374.12600000,1570665599999,41164.75895300,249,2239.78400000,17284.70012500,0
2019-10-10,7.75700000,7.75700000,7.36000000,7.52500000,3224.57100000,1570751999999,24460.24944100,121,730.79900000,5494.72357500,0
2019-10-11,7.46800000,7.65600000,7.17800000,7.17800000,1659.53500000,1570838399999,12110.21462100,149,535.87700000,3930.55128800,0
2019-10-12,7.28400000,7.35700000,7.21300000,7.24400000,1356.71200000,1570924799999,9901.39587000,83,85.03100000,618.59017700,0
2019-10-13,7.22900000,7.52400000,7.21200000,7.32700000,1288.43000000,1571011199999,9438.34851300,90,256.18200000,1857.41764000,0
2019-10-14,7.30600000,7.54100000,7.28200000,7.50600000,2838.64100000,1571097599999,20937.35166600,149,512.39600000,3801.40696200,0
2019-10-15,7.54200000,7.55900000,7.26200000,7.35500000,1964.94200000,1571183999999,14571.33049000,116,1404.58700000,10431.09845600,0
2019-10-16,7.39300000,7.43000000,6.75500000,6.99700000,4623.48200000,1571270399999,32525.89303300,312,1341.32600000,9404.95478100,0
2019-10-17,6.98500000,7.24800000,6.86100000,7.24800000,944.46400000,1571356799999,6670.23072900,96,299.93400000,2124.50842200,0
2019-10-18,7.25500000,7.30100000,6.96700000,7.13900000,2467.37000000,1571443199999,17546.79811500,144,1234.29800000,8804.29513200,0
2019-10-19,7.17400000,7.18300000,7.02300000,7.10400000,1278.87300000,1571529599999,9091.32086600,89,383.44900000,2731.34602300,0
2019-10-20,7.13300000,7.35700000,7.09400000,7.28900000,800.11100000,1571615999999,5737.89931400,67,394.57100000,2827.27379600,0
2019-10-21,7.30300000,7.50300000,7.16900000,7.40000000,10355.50900000,1571702399999,75189.77556700,201,2529.35400000,18388.12144100,0
2019-10-22,7.39500000,7.53800000,7.26500000,7.26500000,946.30300000,1571788799999,7028.49010700,104,253.81600000,1896.48826800,0
2019-10-23,7.25000000,7.25000000,6.65300000,6.89300000,2815.59100000,1571875199999,19428.18974100,219,944.58700000,6574.76766200,0
2019-10-24,6.86300000,7.10300000,6.75600000,7.00500000,1400.36400000,1571961599999,9764.29434300,107,542.53300000,3809.68302500,0
2019-10-25,6.96200000,7.83500000,6.85800000,7.77700000,3922.37100000,1572047999999,29267.00802100,250,1030.89100000,7659.05472200,0
2019-10-26,7.80900000,9.15700000,7.80900000,9.15600000,13119.74200000,1572134399999,113460.04179400,752,6986.47800000,60073.24211600,0
2019-10-27,9.15700000,12.50000000,9.15700000,11.47800000,26812.19300000,1572220799999,298448.85791800,1678,10851.69500000,121427.35383800,0
2019-10-28,11.62700000,13.45200000,10.45600000,10.70000000,38560.25300000,1572307199999,438628.90196500,1434,13715.79900000,161745.21760300,0
2019-10-29,10.68400000,11.32400000,10.28000000,10.73800000,22705.60300000,1572393599999,242643.10212300,652,5775.92600000,62715.26349900,0
2019-10-30,10.68400000,11.51200000,10.16600000,11.22900000,9960.95700000,1572479999999,107480.17543700,585,5512.60700000,59770.64542200,0
2019-10-31,11.28400000,11.34200000,10.17200000,10.60200000,5206.45000000,1572566399999,55550.83153600,398,1320.29000000,14065.51966900,0
2019-11-01,10.47400000,10.68400000,10.26400000,10.58900000,2925.00700000,1572652799999,30675.35190200,243,1354.50800000,14215.20082600,0
2019-11-02,10.64300000,11.40000000,10.57000000,10.95300000,7780.82800000,1572739199999,86429.82094100,433,4959.05700000,55188.03042100,0
2019-11-03,11.04200000,11.11800000,10.72100000,11.11800000,1696.67400000,1572825599999,18501.80458500,138,440.71800000,4810.71394400,0
2019-11-04,11.00800000,11.73900000,10.95300000,11.39800000,4479.16700000,1572911999999,51303.78333500,242,2704.63200000,30909.20675900,0
2019-11-05,11.37800000,11.37800000,11.04700000,11.19600000,2637.88800000,1572998399999,29642.95521400,203,1296.78200000,14589.69120000,0
2019-11-06,11.10300000,11.31100000,10.99500000,11.04100000,2377.50100000,1573084799999,26587.67327600,118,1546.25900000,17240.96907500,0
2019-11-07,11.05100000,11.16200000,10.70100000,11.11900000,2825.81300000,1573171199999,30950.79723700,169,1875.52900000,20504.56170400,0
2019-11-08,11.10900000,11.16400000,10.37000000,10.73200000,2721.48000000,1573257599999,29155.34546800,183,1083.20100000,11671.86279500,0
2019-11-09,10.58200000,10.79100000,10.51200000,10.68400000,806.38100000,1573343999999,8600.86582500,65,446.56400000,4741.50699000,0
2019-11-10,10.68100000,11.35000000,10.57900000,10.99600000,4919.15900000,1573430399999,53890.89577400,171,968.72000000,10554.45063800,0
2019-11-11,11.00800000,11.39800000,10.57900000,11.11100000,9935.27700000,1573516799999,108706.62255000,352,6435.41000000,70118.28207100,0
2019-11-12,11.11100000,12.60000000,11.08000000,12.14400000,13615.22900000,1573603199999,164271.65712900,752,7546.35700000,90772.22609400,0
2019-11-13,12.11100000,13.39400000,11.89200000,13.23200000,8347.83800000,1573689599999,108769.94310000,500,2307.61700000,29935.78183600,0
2019-11-14,13.23200000,13.39400000,12.40200000,12.59400000,2880.99600000,1573775999999,36948.58028900,375,1201.46100000,15394.20371200,0
2019-11-15,12.71500000,12.77900000,11.51200000,11.98600000,4862.55800000,1573862399999,58862.70438700,497,2124.26300000,25717.96774200,0
2019-11-16,11.97100000,12.52100000,11.87300000,12.39000000,5615.30600000,1573948799999,68797.26434800,316,4803.66700000,58859.83581300,0
2019-11-17,12.29900000,12.33800000,11.97100000,12.05000000,4639.75600000,1574035199999,56164.36773100,288,3632.70200000,43968.66592100,0
2019-11-18,12.03100000,12.06400000,10.88200000,11.32700000,7743.67700000,1574121599999,90297.71248700,368,5041.77600000,59151.60917100,0
2019-11-19,11.27100000,11.73200000,11.04700000,11.73200000,4149.19300000,1574207999999,47382.08264200,259,1378.89700000,15806.21196600,0
2019-11-20,11.73300000,11.97100000,11.32900000,11.49000000,6912.95500000,1574294399999,80140.66305200,315,2429.28100000,28355.46875400,0
2019-11-21,11.49300000,13.50000000,10.61000000,11.04700000,8997.17500000,1574380799999,101919.00889400,554,5420.61000000,61890.44058800,0
2019-11-22,11.06400000,11.19900000,9.26800000,9.67900000,20446.00500000,1574467199999,200773.72790200,740,16166.11100000,158349.46874000,0
2019-11-23,9.65000000,10.14200000,9.40000000,10.00200000,64638.02100000,1574553599999,617094.96803300,2050,58417.81600000,556657.66122800,0
2019-11-24,10.00000000,10.00000000,8.88000000,8.97400000,21052.59000000,1574639999999,200403.35838400,866,18188.00700000,173663.01888200,0
2019-11-25,8.89500000,9.51700000,8.32400000,9.15500000,8591.90700000,1574726399999,77261.70856800,463,3216.34400000,28968.34136700,0
2019-11-26,9.13100000,9.37200000,8.92900000,9.29500000,1167.97600000,1574812799999,10625.65100000,182,461.70900000,4228.24984200,0
2019-11-27,9.26500000,9.68100000,8.71300000,9.41600000,35932.14500000,1574899199999,338642.41173800,941,31556.60000000,298068.74384700,0
2019-11-28,9.42000000,9.58900000,9.21700000,9.33100000,1746.47600000,1574985599999,16540.30830200,138,746.51200000,7058.96056700,0
2019-11-29,9.25600000,9.94400000,9.25600000,9.63000000,6020.11400000,1575071999999,57002.25471300,188,5648.09000000,53396.00336100,0
2019-11-30,9.75000000,10.90000000,9.16300000,9.30200000,24662.11600000,1575158399999,237469.91200700,628,22614.76100000,218011.63690200,0
2019-12-01,9.30300000,9.53600000,8.94100000,9.28000000,1543.33800000,1575244799999,14220.95031900,140,819.60100000,7528.77119200,0
2019-12-02,9.25400000,9.30800000,8.80600000,8.93200000,1548.72700000,1575331199999,13896.56486200,133,584.75400000,5280.41185300,0
2019-12-03,9.00200000,9.11400000,8.83000000,9.00400000,652.41200000,1575417599999,5870.10830700,54,255.93900000,2301.34866100,0
2019-12-04,8.86400000,9.30100000,8.50000000,8.64500000,5143.74600000,1575503999999,45105.96678100,190,3290.75600000,28889.46238800,0
2019-12-05,8.58600000,8.77500000,8.50100000,8.72900000,3265.98900000,1575590399999,28210.20834200,128,1658.79900000,14308.00622300,0
2019-12-06,8.60800000,8.82400000,8.60800000,8.77000000,180.94100000,1575676799999,1581.26640000,43,124.56900000,1092.60667600,0
2019-12-07,8.80800000,9.21100000,8.73200000,8.96300000,849.28900000,1575763199999,7659.64151000,173,358.35600000,3225.30578000,0
2019-12-08,8.93800000,9.14400000,8.81100000,9.04900000,1832.02100000,1575849599999,16453.49386700,81,270.72700000,2423.43023200,0
2019-12-09,9.10300000,9.10300000,8.65000000,8.71400000,2811.60400000,1575935999999,25039.14201100,136,1854.05400000,16562.98794000,0
2019-12-10,8.71400000,8.73200000,8.47700000,8.55400000,3598.18600000,1576022399999,31132.72696800,165,1659.06400000,14367.90224200,0
2019-12-11,8.57100000,8.63000000,8.44500000,8.54000000,1265.69700000,1576108799999,10794.04915300,78,585.39100000,4995.96915700,0
2019-12-12,8.58900000,8.66800000,8.32400000,8.66800000,1308.61100000,1576195199999,11074.90205200,116,662.52900000,5629.62351500,0
2019-12-13,8.67500000,9.12200000,8.59700000,8.92000000,1106.11400000,1576281599999,9846.34352900,84,418.36100000,3719.28298200,0
2019-12-14,8.92100000,9.16900000,8.66900000,8.82400000,1470.45000000,1576367999999,13051.94054000,116,799.12100000,7105.37396600,0
2019-12-15,8.72400000,9.01800000,8.67400000,8.95000000,1508.48700000,1576454399999,13222.98657800,115,394.13900000,3463.56210600,0
2019-12-16,8.95100000,8.98900000,8.20700000,8.37400000,2688.01800000,1576540799999,22836.73261400,187,1241.37700000,10587.67768800,0
2019-12-17,8.39400000,8.39700000,7.74400000,7.80000000,2336.78200000,1576627199999,18671.95678000,196,747.11700000,5931.04887900,0
2019-12-18,7.88400000,8.88400000,7.68700000,8.84400000,1976.40900000,1576713599999,16282.85986900,233,1186.48600000,9862.63568600,0
2019-12-19,8.84600000,8.87200000,8.50100000,8.64600000,603.53900000,1576799999999,5199.43117300,66,239.58800000,2061.29630700,0
2019-12-20,8.60800000,8.71700000,8.45700000,8.70900000,847.86700000,1576886399999,7279.97067400,75,530.27300000,4564.12809200,0
2019-12-21,8.58600000,8.58600000,8.50100000,8.54400000,357.57200000,1576972799999,3043.95021700,18,167.28100000,1424.98956800,0
2019-12-22,8.54400000,8.93000000,8.47800000,8.88900000,1159.05900000,1577059199999,10113.27868200,93,486.65100000,4246.96792100,0
2019-12-23,8.92700000,9.01900000,8.53200000,8.59000000,1283.45700000,1577145599999,11360.24502000,127,629.83500000,5588.31307300,0
2019-12-24,8.50200000,8.84600000,8.32700000,8.65700000,4279.15700000,1577231999999,36777.92533800,180,1683.17500000,14506.77026300,0
2019-12-25,8.62400000,8.65300000,8.46000000,8.60200000,876.63900000,1577318399999,7514.14900500,69,332.15200000,2855.07103300,0
2019-12-26,8.61100000,8.80700000,8.47000000,8.53200000,1405.90000000,1577404799999,12146.31115200,91,873.03900000,7571.69335900,0
2019-12-27,8.54500000,8.71000000,8.43100000,8.69100000,879.04600000,1577491199999,7517.02760300,66,454.97900000,3893.98527000,0
2019-12-28,8.74900000,8.83300000,8.66900000,8.74100000,877.07500000,1577577599999,7656.75355800,65,533.75000000,4659.33018700,0
2019-12-29,8.80700000,9.33200000,8.78900000,9.27600000,1741.74800000,1577663999999,15910.54442800,147,985.80400000,8966.71617900,0
2019-12-30,9.12200000,9.22200000,8.86200000,8.94800000,950.82400000,1577750399999,8586.89727300,119,206.02900000,1868.45876900,0
2019-12-31,8.88400000,9.02400000,8.61000000,8.64400000,1747.85900000,1577836799999,15507.11630500,136,957.99400000,8533.74172000,0
2020-01-01,8.61400000,8.98900000,8.61400000,8.80400000,1049.00900000,1577923199999,9228.44139000,107,569.50300000,5008.88000500,0
2020-01-02,8.80000000,8.80000000,8.42800000,8.45500000,1724.66800000,1578009599999,14869.19467200,117,549.97900000,4762.98725700,0
2020-01-03,8.42000000,8.99800000,8.31900000,8.83300000,2596.03200000,1578095999999,22624.74145700,205,1575.53500000,13801.41321500,0
2020-01-04,8.88400000,9.06700000,8.80400000,9.05000000,1195.67100000,1578182399999,10608.78053200,86,451.85800000,4006.21802600,0
2020-01-05,9.11400000,9.23200000,8.97800000,8.98400000,1354.73800000,1578268799999,12411.30296700,90,645.77700000,5918.44765100,0
2020-01-06,8.99600000,9.79700000,8.99600000,9.73100000,1295.02600000,1578355199999,12299.58670400,114,529.51900000,5024.60346300,0
2020-01-07,9.78100000,9.94200000,9.39000000,9.84100000,3430.39200000,1578441599999,33208.79377000,194,2018.70100000,19593.64589600,0
2020-01-08,9.86900000,10.16800000,9.28700000,9.48400000,3273.77700000,1578527999999,31591.77659200,234,1772.46500000,17022.72248300,0
2020-01-09,9.39800000,9.52800000,9.32600000,9.34500000,978.09500000,1578614399999,9168.49608100,102,273.45000000,2578.19161300,0
2020-01-10,9.34500000,9.86900000,9.07800000,9.86900000,1421.23400000,1578700799999,13385.67968300,125,1106.13500000,10424.29245900,0
2020-01-11,9.77200000,10.02900000,9.55800000,9.66800000,864.81200000,1578787199999,8476.61805200,124,406.85300000,4008.37677400,0
2020-01-12,9.61700000,10.44100000,9.61700000,10.15000000,1435.28200000,1578873599999,14591.27717300,127,403.29500000,4078.75849800,0
2020-01-13,10.26900000,10.27000000,9.79000000,9.99600000,2562.36400000,1578959999999,25300.06768200,148,1222.05600000,12087.63095800,0
2020-01-14,10.00000000,11.89800000,10.00000000,11.26600000,24787.64100000,1579046399999,269642.41425200,943,23146.96900000,252060.71393700,0
2020-01-15,11.12100000,11.90000000,10.74300000,11.37600000,7626.43800000,1579132799999,86154.80725600,485,4525.00700000,51003.14128000,0
2020-01-16,11.45400000,11.52600000,10.73200000,11.18800000,3320.84500000,1579219199999,36541.70632400,256,1546.34900000,17160.42864700,0
2020-01-17,11.34100000,11.92300000,11.13400000,11.87600000,4913.49000000,1579305599999,56762.24910900,339,1545.48800000,17949.43397400,0
2020-01-18,11.83900000,12.50000000,11.32200000,11.87800000,12443.94200000,1579391999999,147173.64998500,372,7621.42600000,90398.32655900,0
2020-01-19,11.83900000,12.16600000,10.76500000,11.20100000,7476.80900000,1579478399999,84672.68026300,376,3206.12500000,36740.66783500,0
2020-01-20,11.24200000,11.32800000,10.79200000,11.12100000,3792.20900000,1579564799999,42217.72240400,208,1339.01300000,14849.41695400,0
2020-01-21,11.11400000,11.28400000,10.86600000,11.21100000,5097.08400000,1579651199999,56541.78243200,224,3576.16700000,39670.36297300,0
2020-01-22,11.21100000,11.33600000,10.92400000,11.16300000,3508.08800000,1579737599999,39207.62692900,263,1446.96400000,16219.22287800,0
2020-01-23,11.23200000,11.23200000,10.27600000,10.50300000,11523.94800000,1579823999999,124744.95404800,487,3964.85400000,43066.64530100,0
2020-01-24,10.50000000,10.66400000,10.13100000,10.44400000,3851.54300000,1579910399999,40407.14478500,182,1787.80100000,18807.75628100,0
2020-01-25,10.37600000,10.46200000,10.20600000,10.28800000,1261.32100000,1579996799999,13010.28384700,84,402.48200000,4197.96512700,0
2020-01-26,10.28000000,10.75000000,10.09100000,10.75000000,3136.32900000,1580083199999,32919.79003000,140,1530.92000000,16195.93083200,0
2020-01-27,10.78000000,11.19000000,10.66100000,11.07600000,3351.58000000,1580169599999,36651.24705700,209,2300.13900000,25109.77253100,0
2020-01-28,11.13800000,11.39000000,11.01100000,11.39000000,4368.63300000,1580255999999,49182.37776000,237,1327.15100000,14884.46695000,0
2020-01-29,11.31200000,11.67900000,11.20000000,11.20000000,3344.05500000,1580342399999,38023.05749000,214,1220.92400000,13872.46198100,0
2020-01-30,11.15000000,11.79200000,10.87000000,11.68500000,3661.27500000,1580428799999,41923.86825800,268,1875.89600000,21510.52045300,0
2020-01-31,11.68000000,11.70000000,11.01200000,11.35900000,1416.32200000,1580515199999,16129.37428000,161,749.02200000,8534.21352600,0
2020-02-01,11.42500000,11.58500000,11.15300000,11.42100000,2373.78100000,1580601599999,27022.28846800,204,929.43900000,10587.09207300,0
2020-02-02,11.27100000,12.53200000,11.23200000,12.03200000,4392.44200000,1580687999999,52923.02083900,318,2479.29200000,29938.17627500,0
2020-02-03,11.99000000,12.36800000,11.71100000,11.84900000,3293.39600000,1580774399999,39503.62666100,240,1317.56900000,15813.08885700,0
2020-02-04,11.94900000,12.29000000,11.54000000,12.04600000,6734.01300000,1580860799999,80426.22515400,365,3187.54200000,38098.06744700,0
2020-02-05,12.11100000,12.82400000,12.11100000,12.69700000,7770.38800000,1580947199999,98103.51722700,417,2457.71600000,31115.40143800,0
2020-02-06,12.53200000,13.17100000,12.44700000,12.87000000,3320.77100000,1581033599999,42799.91939200,271,1799.14600000,23224.41945300,0
2020-02-07,12.95200000,13.35900000,12.67500000,12.77500000,6089.38300000,1581119999999,78741.43846500,388,2755.27000000,35798.65171400,0
2020-02-08,12.82000000,13.04000000,12.15600000,12.70100000,4724.89600000,1581206399999,60286.19661000,413,2189.54300000,28027.61925900,0
2020-02-09,12.76800000,14.23800000,12.76800000,14.23800000,7168.12600000,1581292799999,95957.11577400,637,3639.43200000,48724.37082300,0
2020-02-10,14.15000000,14.26200000,13.19300000,13.53000000,8051.44200000,1581379199999,109245.14194800,529,4994.45200000,67635.42152200,0
2020-02-11,13.51100000,14.01500000,12.99900000,13.84000000,6460.19600000,1581465599999,87111.65230700,418,2421.32200000,32574.01913000,0
2020-02-12,13.87800000,15.38700000,13.84900000,14.90300000,11199.60000000,1581551999999,164797.71118700,853,5167.39500000,75756.53742800,0
2020-02-13,14.73500000,15.85100000,14.49900000,15.05500000,14749.51500000,1581638399999,226622.58275100,1650,7956.02000000,122342.95570500,0
2020-02-14,15.12700000,16.75000000,14.84100000,16.67500000,12715.92300000,1581724799999,197916.10689100,1566,7546.11400000,117449.89177700,0
2020-02-15,16.75000000,16.79100000,14.54900000,15.12200000,13145.68800000,1581811199999,205718.16598700,1578,4758.34000000,74623.47672700,0
2020-02-16,15.00500000,15.87200000,13.50000000,14.66800000,15864.43500000,1581897599999,236115.24782900,1551,6149.20200000,90899.38846200,0
2020-02-17,14.64600000,15.18100000,13.09000000,15.05500000,15245.07400000,1581983999999,216546.29704100,1762,7020.05500000,99792.31952500,0
2020-02-18,15.05600000,15.70000000,14.26700000,15.53500000,15234.98800000,1582070399999,231977.46837400,1378,9416.72600000,144081.52352600,0
2020-02-19,15.50100000,15.52800000,13.70600000,13.98100000,12156.34200000,1582156799999,182854.31586500,1367,5110.81900000,77606.94627100,0
2020-02-20,13.98100000,14.33500000,13.40000000,14.01500000,16226.06100000,1582243199999,226805.01618800,1953,7466.51300000,104404.21714200,0
2020-02-21,14.01200000,14.84300000,13.71400000,14.02000000,8424.63000000,1582329599999,118443.88775700,953,4277.60800000,60151.75646200,0
2020-02-22,14.03200000,14.08500000,13.53700000,13.73800000,5780.79800000,1582415999999,79429.99312300,631,3071.54100000,42238.40832800,0
2020-02-23,13.75700000,14.50900000,13.75700000,14.40500000,4366.02700000,1582502399999,61853.63486100,559,2204.28400000,31234.63849000,0
2020-02-24,14.33500000,14.43100000,12.91500000,13.39700000,9774.05000000,1582588799999,133068.38911800,1022,4743.94100000,64729.73456600,0
2020-02-25,13.30900000,13.47200000,12.31100000,12.36100000,10372.05400000,1582675199999,132744.53098100,963,5806.51000000,74567.75466700,0
2020-02-26,12.33100000,12.49100000,10.57000000,10.98000000,25309.90400000,1582761599999,290542.24275100,1710,11702.99800000,135284.07217700,0
2020-02-27,10.91500000,11.70800000,10.50000000,11.47900000,5915.94700000,1582847999999,65894.65851300,580,2575.14100000,28789.04343800,0
2020-02-28,11.45900000,11.60000000,10.63100000,11.33700000,10784.52800000,1582934399999,119193.91797700,1025,4747.16400000,52433.38554800,0
2020-02-29,11.35900000,11.52800000,10.90200000,10.90200000,5317.90300000,1583020799999,59581.02212700,504,2095.68700000,23627.27913800,0
2020-03-01,11.10400000,11.86700000,11.02900000,11.35600000,4839.71500000,1583107199999,55214.58187900,541,2215.37500000,25278.87597800,0
2020-03-02,11.29200000,12.19300000,11.21900000,12.04200000,5507.76100000,1583193599999,65117.03862600,566,2581.65700000,30357.93489900,0
2020-03-03,12.07900000,12.07900000,11.40800000,11.56400000,7597.85300000,1583279999999,89028.37177500,888,3375.04700000,39545.83982600,0
2020-03-04,11.54400000,12.04300000,11.50200000,11.75300000,3872.56500000,1583366399999,45609.47068400,410,2393.08700000,28187.19469300,0
2020-03-05,11.78100000,12.36400000,11.78100000,12.08100000,4680.76500000,1583452799999,56873.28883100,398,2860.35600000,34833.60248500,0
2020-03-06,12.05800000,12.40700000,11.96600000,12.40700000,6398.90300000,1583539199999,77651.25775100,659,3356.46500000,40722.65651600,0
2020-03-07,12.37900000,12.44000000,11.57300000,11.60500000,4356.96600000,1583625599999,52074.14330500,453,1880.51700000,22624.76169700,0
2020-03-08,11.57900000,11.57900000,9.81000000,10.10800000,6744.01700000,1583711999999,71235.95425100,545,2052.30900000,22049.59082700,0
2020-03-09,10.05700000,10.35700000,9.40600000,9.91200000,15708.24300000,1583798399999,154579.87969300,823,7655.67700000,75197.66208700,0
2020-03-10,9.93000000,10.17400000,9.60000000,9.87800000,11521.32100000,1583884799999,113599.49686400,557,4942.61100000,48749.84037700,0
2020-03-11,9.84300000,9.96800000,8.80000000,9.44400000,11906.86600000,1583971199999,112870.38895500,603,4396.66000000,41583.12698000,0
2020-03-12,9.46600000,9.57900000,5.50000000,5.70000000,36126.32700000,1584057599999,249372.74828700,2195,16350.10300000,111167.86514300,0
2020-03-13,5.79600000,6.79200000,3.78300000,6.25800000,23167.21100000,1584143999999,131336.02215700,937,8642.02800000,49171.27969800,0
2020-03-14,6.24200000,6.25800000,5.58900000,5.70500000,18183.20600000,1584230399999,110858.42782800,763,7527.18400000,45931.79242700,0
2020-03-15,5.71300000,6.39500000,5.71300000,5.96400000,5848.03800000,1584316799999,34769.42651800,419,2338.83400000,13855.98739100,0
2020-03-16,5.90400000,5.90400000,4.40000000,5.35600000,6071.88300000,1584403199999,31526.34281700,490,3515.93600000,18374.12099500,0
2020-03-17,5.41000000,5.91600000,5.33100000,5.37900000,1599.23200000,1584489599999,9018.13895000,168,766.44000000,4346.02632700,0
2020-03-18,5.64700000,5.74200000,5.38100000,5.74200000,4504.44300000,1584575999999,25118.68039400,303,2339.92500000,13145.79908800,0
2020-03-19,5.76400000,6.86600000,5.68100000,6.47900000,18737.88000000,1584662399999,115279.24015500,674,14813.07400000,90810.79287000,0
2020-03-20,6.60100000,7.21900000,5.74000000,6.28000000,12922.49200000,1584748799999,86792.01775000,698,7213.96700000,49178.88059900,0
2020-03-21,6.22700000,6.40700000,5.62400000,6.28000000,5122.90700000,1584835199999,31444.74392100,287,2362.98100000,14476.56864600,0
2020-03-22,6.21800000,6.40700000,5.88800000,5.90800000,5018.45400000,1584921599999,30748.83056500,293,3020.59100000,18411.21863500,0
2020-03-23,5.86600000,6.66700000,5.80200000,6.66700000,4454.43800000,1585007999999,28319.77388400,193,2101.45900000,13252.77497200,0
2020-03-24,6.73300000,6.96600000,6.59700000,6.95000000,15942.76700000,1585094399999,109324.84001400,533,8483.10800000,58195.58743100,0
2020-03-25,6.88200000,7.07700000,6.61900000,6.93700000,6902.00100000,1585180799999,47064.47106900,264,2482.65400000,16957.93068400,0
2020-03-26,6.93700000,7.05400000,6.73300000,7.01500000,2323.43700000,1585267199999,16118.54190000,125,1513.37400000,10539.98628700,0
2020-03-27,7.07700000,7.19800000,6.45300000,6.50000000,7997.18300000,1585353599999,55764.39686700,246,6545.55800000,45722.02907700,0
2020-03-28,6.48400000,6.68700000,6.28000000,6.68700000,2675.37900000,1585439999999,17390.45575100,191,1848.62200000,12081.89484700,0
2020-03-29,6.60100000,6.60100000,6.15700000,6.19300000,1900.90800000,1585526399999,12095.60347400,158,749.23800000,4779.03787100,0
2020-03-30,6.23500000,6.75400000,6.23400000,6.58800000,2309.65800000,1585612799999,15170.72851400,162,803.85700000,5287.49668400,0
2020-03-31,6.64200000,6.93000000,6.41000000,6.78800000,3380.22000000,1585699199999,22532.28705600,186,378.85800000,2564.20231100,0
2020-04-01,6.78000000,6.86000000,6.37400000,6.85900000,787.35800000,1585785599999,5230.23161600,114,249.66500000,1665.06639100,0
2020-04-02,6.85900000,7.35800000,6.77700000,6.95000000,10628.44600000,1585871999999,75583.47267300,381,5677.80200000,40264.62885100,0
2020-04-03,6.98000000,7.22700000,6.91000000,7.01600000,1260.99800000,1585958399999,8857.16811500,134,371.33000000,2621.70084300,0
2020-04-04,7.04600000,7.29200000,6.91000000,7.18700000,826.84600000,1586044799999,5863.25181500,124,409.11100000,2901.57744800,0
2020-04-05,7.22700000,7.22700000,6.88800000,7.02000000,1017.63400000,1586131199999,7168.21782900,85,731.66500000,5154.19834600,0
2020-04-06,7.02000000,7.85200000,7.02000000,7.83000000,11959.38100000,1586217599999,91439.92436400,489,9724.66800000,74499.90209500,0
2020-04-07,7.84700000,8.15800000,5.98200000,7.70000000,11088.45100000,1586303999999,85235.29485900,627,3940.71800000,31209.41477100,0
2020-04-08,7.70000000,8.03000000,7.65100000,8.00000000,3622.44000000,1586390399999,28174.17663600,178,1716.69400000,13266.94404400,0
2020-04-09,8.04500000,8.17800000,7.83400000,8.04700000,2047.01400000,1586476799999,16506.56714300,154,765.12700000,6191.39496200,0
2020-04-10,8.03000000,8.03000000,7.12500000,7.28500000,5118.23500000,1586563199999,37873.09053800,206,2480.35300000,18235.94731000,0
2020-04-11,7.32200000,7.51600000,7.19200000,7.28500000,1547.50400000,1586649599999,11373.71856600,139,562.93400000,4158.14120700,0
2020-04-12,7.35100000,7.71200000,7.22000000,7.41800000,1126.99300000,1586735999999,8571.60311000,104,262.85300000,1974.88248300,0
2020-04-13,7.35100000,7.35100000,7.02600000,7.27100000,2509.47800000,1586822399999,18224.41540000,144,404.60300000,2935.58865100,0
2020-04-14,7.30400000,7.44900000,7.22000000,7.23100000,1048.79900000,1586908799999,7658.14058100,96,391.74700000,2881.34412000,0
2020-04-15,7.23000000,7.35100000,6.98100000,7.00200000,1427.38200000,1586995199999,10212.86077300,114,696.35100000,5013.54406900,0
2020-04-16,6.96300000,7.73600000,6.83300000,7.62200000,2121.76900000,1587081599999,15673.30221100,214,1276.79300000,9528.66484800,0
2020-04-17,7.58600000,7.62200000,7.44300000,7.48600000,815.52200000,1587167999999,6163.14652900,77,567.14000000,4293.52417500,0
2020-04-18,7.55300000,7.96900000,7.55300000,7.88400000,1483.56700000,1587254399999,11416.25995400,112,1261.85000000,9702.40527000,0
2020-04-19,7.83700000,7.90300000,7.44600000,7.62200000,3192.09000000,1587340799999,24628.24051900,250,2424.44100000,18716.33079300,0
2020-04-20,7.67100000,7.77000000,7.11900000,7.22000000,2990.16500000,1587427199999,22380.09464300,258,1942.31300000,14545.77704100,0
2020-04-21,7.28500000,7.35200000,7.15500000,7.31900000,1706.92300000,1587513599999,12433.17722300,112,1333.71900000,9717.57880700,0
2020-04-22,7.22000000,7.62200000,7.22000000,7.53500000,5317.64600000,1587599999999,39770.22872900,151,3205.95200000,23990.32036600,0
2020-04-23,7.49900000,8.03700000,7.41800000,7.85900000,1787.63100000,1587686399999,13749.90245800,185,1065.64600000,8282.76813600,0
2020-04-24,7.90200000,8.29900000,7.87200000,8.05000000,3739.02900000,1587772799999,30309.92943200,283,1988.45300000,16138.21354200,0
2020-04-25,8.06000000,8.64500000,6.35000000,8.40600000,3756.00800000,1587859199999,30229.14190300,388,1799.55900000,15080.17369900,0
2020-04-26,8.44600000,8.70000000,7.83300000,8.64500000,3749.70900000,1587945599999,31638.52740500,262,1302.37400000,10949.05239800,0
2020-04-27,8.68300000,8.70000000,8.19200000,8.41600000,1251.37500000,1588031999999,10489.17285900,92,272.21600000,2283.95791000,0
2020-04-28,8.34100000,8.58100000,8.29800000,8.49100000,1691.64100000,1588118399999,14321.49148100,142,853.28500000,7217.95819400,0
2020-04-29,8.53500000,9.44300000,8.53500000,9.20500000,14615.67300000,1588204799999,130970.95619200,852,10692.55000000,95629.52884600,0
2020-04-30,9.20500000,9.64900000,8.41700000,8.88000000,7060.58200000,1588291199999,64488.99402000,588,2890.42900000,26439.81538000,0
2020-05-01,8.96000000,9.37200000,8.96000000,9.02600000,4198.96500000,1588377599999,38462.91767600,375,2226.54300000,20443.43616600,0
2020-05-02,8.99100000,9.28500000,8.95100000,9.24000000,644.52200000,1588463999999,5874.15712000,107,367.81400000,3346.81875000,0
2020-05-03,9.28700000,9.28900000,8.40000000,9.13100000,7930.68300000,1588550399999,71870.12587400,569,6482.75700000,58869.41224300,0
2020-05-04,9.04100000,9.13100000,8.62500000,9.00700000,5170.58400000,1588636799999,45428.45161800,226,4654.49800000,40838.38419600,0
2020-05-05,9.00700000,9.16700000,8.88000000,9.02600000,944.94300000,1588723199999,8514.32526400,148,415.73300000,3740.14823500,0
2020-05-06,9.06900000,9.48900000,9.06900000,9.12200000,2819.01000000,1588809599999,26227.62094400,164,2092.30500000,19499.89321200,0
2020-05-07,9.04600000,9.95400000,9.04600000,9.84400000,8247.69600000,1588895999999,80573.62268200,390,6917.03900000,67713.07329500,0
2020-05-08,9.86300000,11.81400000,9.80000000,11.36900000,6841.34100000,1588982399999,70833.56320000,457,4718.02900000,48572.57713500,0
2020-05-09,11.25800000,11.62900000,10.77000000,11.09500000,15034.57400000,1589068799999,168759.90914000,637,9369.17500000,105550.79952700,0
2020-05-10,10.91300000,10.91300000,9.37400000,9.72200000,7862.27500000,1589155199999,78282.23181600,784,4119.30400000,41185.40317900,0
2020-05-11,9.80000000,10.20000000,9.25200000,9.62600000,4648.10500000,1589241599999,45172.14725700,320,2694.97000000,26278.75335200,0
2020-05-12,9.62600000,10.22200000,9.58900000,9.94400000,555.13200000,1589327999999,5566.89878000,75,309.94500000,3122.76465500,0
2020-05-13,10.06600000,10.47000000,9.85100000,10.30500000,2562.13200000,1589414399999,25792.66411600,100,1506.60000000,15174.29661700,0
2020-05-14,10.34200000,10.59000000,9.93900000,10.17300000,5433.69900000,1589500799999,55474.44623500,240,2944.55400000,30095.72201000,0
2020-05-15,10.20100000,10.24200000,9.17600000,10.05900000,1426.71700000,1589587199999,14190.70756800,116,428.48900000,4310.08349300,0
2020-05-16,9.97800000,10.15800000,9.30000000,10.00400000,5903.80500000,1589673599999,59335.91997700,176,3328.84400000,33447.71570000,0
2020-05-17,9.97300000,10.43500000,9.97200000,10.14500000,2504.25600000,1589759999999,25552.01158700,151,1267.87300000,12982.63188200,0
2020-05-18,10.24900000,10.52900000,10.15000000,10.25000000,2151.38900000,1589846399999,22355.06310500,98,1119.81000000,11664.95695000,0
2020-05-19,10.15800000,10.24900000,9.89000000,10.24900000,3056.37900000,1589932799999,30913.56564300,103,646.76600000,6526.32952700,0
2020-05-20,10.34200000,10.39100000,9.93500000,10.09600000,1906.05300000,1590019199999,19308.78718300,94,1173.37000000,11872.11928700,0
2020-05-21,10.15800000,10.16800000,9.20000000,9.56800000,5773.06500000,1590105599999,55515.79883900,358,3306.92400000,31658.50348000,0
2020-05-22,9.50000000,10.64500000,9.37200000,10.40000000,4220.77600000,1590191999999,42501.83472900,240,2601.97200000,26533.87939400,0
2020-05-23,10.43500000,10.44800000,10.15600000,10.15600000,925.29500000,1590278399999,9476.42423800,64,344.07500000,3537.34758800,0
2020-05-24,10.20100000,10.33500000,9.62600000,9.69000000,1327.98300000,1590364799999,13227.48399100,125,697.52900000,6975.04881500,0
2020-05-25,9.62000000,9.95500000,9.59900000,9.90600000,2320.46100000,1590451199999,22906.03056400,139,1359.33600000,13424.67597400,0
2020-05-26,9.88200000,10.12100000,9.58200000,9.88400000,3030.23500000,1590537599999,29810.06528100,196,1732.90700000,17005.43041000,0
2020-05-27,9.96200000,10.17900000,9.88400000,9.95700000,1758.38200000,1590623999999,17617.38636200,79,990.78000000,9927.25833200,0
2020-05-28,10.03700000,10.42300000,9.93900000,10.39300000,1225.56300000,1590710399999,12431.38974400,72,765.07100000,7816.52334100,0
2020-05-29,10.43500000,10.47500000,10.06400000,10.24800000,1600.24700000,1590796799999,16433.83843800,69,693.02100000,7125.62676700,0
2020-05-30,10.16200000,11.16900000,10.15600000,11.10000000,3378.52200000,1590883199999,36220.65405400,236,2200.48500000,23598.09091500,0
2020-05-31,11.01100000,11.83000000,10.58600000,10.93300000,6259.65700000,1590969599999,71314.70038200,379,4254.73100000,48541.62519500,0
2020-06-01,11.01100000,12.90000000,11.01100000,12.48300000,9140.05500000,1591055999999,110630.14030200,506,4598.72200000,55312.57303500,0
2020-06-02,12.43400000,13.15900000,11.41300000,12.10000000,11947.87600000,1591142399999,149490.68760200,689,8337.29400000,104791.75052000,0
2020-06-03,12.05900000,12.50000000,11.73700000,12.32300000,2427.65300000,1591228799999,29609.91921200,140,1642.77200000,20073.14362100,0
2020-06-04,12.35000000,12.39300000,11.76000000,12.13600000,1789.04700000,1591315199999,21814.69192400,145,921.68600000,11229.72000100,0
2020-06-05,12.17500000,12.23000000,11.83000000,11.83000000,1032.84800000,1591401599999,12456.45153900,78,727.37000000,8780.69862000,0
2020-06-06,11.78000000,11.84900000,11.47700000,11.81800000,1181.66700000,1591487999999,13852.78148400,86,451.83800000,5282.74766700,0
2020-06-07,11.75800000,11.96700000,11.35100000,11.68600000,2704.54700000,1591574399999,31450.34595200,134,695.67000000,8066.91696500,0
2020-06-08,11.81000000,11.82400000,11.51400000,11.63700000,790.73500000,1591660799999,9251.20540800,59,447.48300000,5243.66342600,0
2020-06-09,11.70000000,12.16100000,11.40800000,12.01600000,1279.33800000,1591747199999,15032.46758700,93,755.46800000,8877.51177600,0
2020-06-10,12.10000000,12.29800000,11.72400000,11.92900000,1549.86200000,1591833599999,18525.10213100,122,816.35400000,9795.72166200,0
2020-06-11,11.90300000,11.98200000,10.38900000,10.71100000,3031.54600000,1591919999999,33713.32144000,284,1124.37500000,12596.70436000,0
2020-06-12,10.61400000,11.14200000,10.51900000,10.93300000,2046.44000000,1592006399999,22546.56882500,147,496.52900000,5462.52149800,0
2020-06-13,10.81700000,11.13200000,10.75300000,11.06300000,915.83500000,1592092799999,10030.93821800,66,622.31800000,6802.48663800,0
2020-06-14,11.00400000,11.07200000,10.50000000,10.61300000,1672.62800000,1592179199999,18180.26971700,95,872.92700000,9512.98378500,0
2020-06-15,10.51800000,10.55600000,9.74000000,10.42600000,2845.28700000,1592265599999,28846.02714800,196,1388.88200000,14097.14509700,0
2020-06-16,10.38400000,10.64700000,10.36700000,10.58200000,6382.43800000,1592351999999,67022.71989100,182,4014.94900000,42153.85076100,0
2020-06-17,10.52100000,10.84000000,10.23900000,10.60100000,2451.79200000,1592438399999,26059.87296800,139,1647.94000000,17631.85710600,0
2020-06-18,10.53900000,10.59200000,10.27300000,10.37600000,939.88000000,1592524799999,9855.04842400,56,675.22900000,7083.04335400,0
2020-06-19,10.37400000,10.41200000,10.18100000,10.25700000,1914.52500000,1592611199999,19661.65128300,104,386.16900000,3964.09804300,0
2020-06-20,10.26400000,10.31200000,10.02000000,10.31200000,1612.00900000,1592697599999,16392.21718500,86,685.11600000,6993.23421700,0
2020-06-21,10.31200000,10.55300000,10.17200000,10.21500000,1452.44800000,1592783999999,14999.34791200,93,651.77100000,6756.55679800,0
2020-06-22,10.28400000,10.84000000,10.25900000,10.71500000,3891.90500000,1592870399999,41492.98898300,137,2999.07400000,31959.06305200,0
2020-06-23,10.84000000,11.26300000,10.61700000,10.90000000,2513.50500000,1592956799999,27048.55347700,152,829.44200000,8978.94508800,0
2020-06-24,10.84000000,11.15200000,10.26600000,10.43200000,2482.26400000,1593043199999,26369.54398000,155,1368.38400000,14498.62586600,0
2020-06-25,10.43200000,10.46000000,9.95300000,10.35100000,2284.83600000,1593129599999,23631.30003800,140,637.33300000,6584.94891400,0
2020-06-26,10.27100000,10.36600000,9.94000000,10.23200000,3008.60100000,1593215999999,30433.42568900,117,1108.97500000,11337.68955400,0
2020-06-27,10.19600000,10.19600000,9.28600000,9.68600000,520.30300000,1593302399999,5047.01006700,58,143.03400000,1382.56548900,0
2020-06-28,9.66100000,10.21000000,9.60000000,10.02200000,1710.18900000,1593388799999,17041.53772900,78,912.35600000,9066.39455100,0
2020-06-29,10.02200000,10.24700000,9.93100000,10.19700000,2096.76800000,1593475199999,21256.51461700,83,561.69200000,5641.93139600,0
2020-06-30,10.21000000,10.21000000,9.98800000,10.01200000,3209.02300000,1593561599999,32445.43949000,68,2078.21500000,20986.46761800,0
2020-07-01,9.98800000,10.25000000,9.95000000,10.19500000,499.94300000,1593647999999,5066.87948200,30,348.98400000,3546.88023800,0
2020-07-02,10.26200000,10.28600000,9.70000000,9.89800000,4639.48000000,1593734399999,46048.30534600,123,2503.19100000,24484.53178800,0
2020-07-03,9.98800000,10.02000000,9.75000000,9.75000000,448.67500000,1593820799999,4441.14443500,29,177.92700000,1763.19178100,0
2020-07-04,9.82400000,10.00400000,9.80900000,9.94400000,376.28900000,1593907199999,3732.57523100,32,303.27400000,3012.69553700,0
2020-07-05,9.98600000,10.08700000,9.63400000,10.08700000,737.60700000,1593993599999,7279.39589100,56,441.08200000,4372.95578100,0
2020-07-06,10.17000000,10.60100000,10.07800000,10.58000000,1916.62700000,1594079999999,19749.96006300,127,1425.95700000,14715.34729300,0
2020-07-07,10.63600000,10.63600000,10.26200000,10.54100000,959.66800000,1594166399999,10006.52312500,78,495.26800000,5171.86412800,0
2020-07-08,10.60100000,11.32300000,10.59600000,11.02300000,1996.24300000,1594252799999,21985.20693900,171,993.90600000,10930.69600500,0
2020-07-09,10.98600000,11.26300000,10.44100000,10.73300000,1466.90600000,1594339199999,15964.25904200,154,758.94600000,8282.64121300,0
2020-07-10,10.72800000,10.81600000,10.31200000,10.49700000,3757.34600000,1594425599999,39587.91604000,223,2882.87700000,30412.11384500,0
2020-07-11,10.53300000,10.90000000,10.44100000,10.75000000,1168.20400000,1594511999999,12484.02602300,83,423.70800000,4549.59655600,0
2020-07-12,10.78200000,10.93800000,10.50000000,10.75000000,893.69700000,1594598399999,9553.02750000,81,457.36300000,4889.24240400,0
2020-07-13,10.75200000,11.22300000,10.34700000,10.65300000,3775.87300000,1594684799999,41535.20647300,213,2663.24500000,29440.15244400,0
2020-07-14,10.56300000,11.02200000,10.34700000,10.82500000,1695.44900000,1594771199999,18246.31790600,122,990.97700000,10726.57095200,0
2020-07-15,10.82500000,11.42300000,10.82500000,11.04000000,1469.63000000,1594857599999,16372.84649300,141,979.24400000,10941.64115600,0
2020-07-16,10.92400000,10.92500000,10.34700000,10.69400000,1523.64000000,1594943999999,16142.05859500,116,647.28800000,6841.49667000,0
2020-07-17,10.72800000,10.72800000,10.53200000,10.60100000,732.29000000,1595030399999,7762.40679700,50,207.08100000,2206.69851200,0
2020-07-18,10.53600000,10.66700000,10.49000000,10.55400000,565.52700000,1595116799999,5972.60062100,49,190.19300000,2015.26701300,0
2020-07-19,10.55400000,10.63100000,10.42600000,10.63100000,233.06000000,1595203199999,2460.60840500,20,130.05400000,1378.99362600,0
2020-07-20,10.66700000,10.78100000,10.30000000,10.37900000,1068.43100000,1595289599999,11273.99861600,66,522.23600000,5554.66538400,0
2020-07-21,10.34700000,11.42600000,10.30200000,11.20500000,3816.52600000,1595375999999,41341.21426800,291,2678.03800000,28942.19548700,0
2020-07-22,11.19900000,11.72800000,10.77000000,11.57500000,4751.70100000,1595462399999,53587.24068800,315,3429.38900000,38749.11423700,0
2020-07-23,11.54800000,11.69500000,11.35600000,11.51000000,2067.83800000,1595548799999,23837.39898200,140,884.77600000,10218.27382900,0
2020-07-24,11.40100000,11.40100000,11.03800000,11.11000000,6110.37000000,1595635199999,68413.13100500,312,4071.74700000,45597.28635700,0
2020-07-25,11.12200000,11.67600000,11.12200000,11.63200000,17045.62700000,1595721599999,195828.06852000,258,2232.86500000,25547.41090800,0
2020-07-26,11.57500000,11.93700000,11.47300000,11.61100000,5833.06900000,1595807999999,67741.62882700,293,2272.80600000,26728.94148000,0
2020-07-27,11.63300000,12.00000000,10.76400000,11.61200000,13183.78000000,1595894399999,147929.02780400,653,3940.94600000,45036.28289100,0
2020-07-28,11.58700000,12.05700000,11.32400000,11.80700000,3384.31600000,1595980799999,39759.01514700,320,1929.48800000,22752.28274000,0
2020-07-29,11.80700000,13.09000000,11.20000000,11.66900000,2960.55900000,1596067199999,35378.84745900,846,1734.42400000,20908.29292600,0
2020-07-30,11.65500000,11.89800000,11.42700000,11.78800000,1814.90400000,1596153599999,21247.79924400,634,865.63200000,10135.64779800,0
2020-07-31,11.79000000,12.25800000,11.63200000,12.25800000,5570.30200000,1596239999999,66068.51016900,907,4743.18700000,56210.80329200,0
2020-08-01,12.27500000,13.50000000,12.06300000,13.38700000,8025.14600000,1596326399999,102268.08966900,2530,4970.10200000,63844.22752300,0
2020-08-02,13.39400000,13.76200000,10.50000000,12.17000000,6386.21600000,1596412799999,79052.95705000,571,2646.50400000,33791.16999500,0
2020-08-03,12.16600000,12.77000000,12.05700000,12.39400000,8622.61400000,1596499199999,108324.47601400,1620,648.50700000,8151.46585600,0
2020-08-04,12.39400000,12.77100000,12.31700000,12.58100000,3310.82100000,1596585599999,41786.31615900,508,630.12500000,7975.94627800,0
2020-08-05,12.58100000,12.95300000,12.39000000,12.86600000,4452.61100000,1596671999999,56956.93940500,1786,621.64000000,7933.55225300,0
2020-08-06,12.86800000,13.71000000,12.74100000,12.94800000,5901.03500000,1596758399999,76684.57466600,2350,1075.66800000,14169.98170800,0
2020-08-07,12.94900000,13.48900000,12.29500000,12.86900000,3724.61500000,1596844799999,48507.67015900,855,993.04400000,13033.85642500,0
2020-08-08,12.83800000,13.42600000,12.72300000,13.11800000,1729.66900000,1596931199999,22369.55744400,130,1008.85600000,13077.90976400,0
2020-08-09,13.15700000,13.35000000,12.83800000,12.98400000,1865.70500000,1597017599999,24274.33200000,149,1046.08800000,13608.33480600,0
2020-08-10,13.08300000,15.39700000,13.08300000,14.53700000,11939.18900000,1597103999999,173646.50159600,948,6842.13700000,99197.68364400,0
2020-08-11,14.55600000,14.55600000,13.28300000,13.76900000,18005.58600000,1597190399999,248511.15324800,400,9790.12800000,135417.91493800,0
2020-08-12,13.66200000,14.58200000,13.30500000,14.40600000,4236.99500000,1597276799999,59586.24146800,305,3160.44700000,44386.64346100,0
2020-08-13,14.38400000,14.98000000,13.52300000,14.50200000,2254.80700000,1597363199999,32081.11898700,285,1277.54900000,18172.97814500,0
2020-08-14,14.57900000,15.87200000,14.20600000,14.80200000,10629.48000000,1597449599999,159817.60480800,537,8742.62000000,131283.11142200,0
2020-08-15,14.89900000,15.50000000,14.78000000,15.07200000,1708.74800000,1597535999999,25720.39798200,189,889.72600000,13395.94932200,0
2020-08-16,15.02600000,15.70000000,14.66900000,15.45800000,4809.14600000,1597622399999,73067.49829700,195,2223.62700000,33636.23616200,0
2020-08-17,15.45800000,17.00000000,15.26900000,16.48600000,7157.06200000,1597708799999,116864.94694300,524,4634.58500000,75548.86987900,0
2020-08-18,16.61300000,17.58900000,15.90900000,16.08400000,2983.86700000,1597795199999,49680.16649600,286,1679.07600000,28071.32972400,0
2020-08-19,16.09000000,17.04500000,15.48500000,15.88700000,7075.64700000,1597881599999,113319.12314900,341,3692.82600000,59364.69150000,0
2020-08-20,15.88700000,17.94000000,13.60000000,17.84200000,5450.12800000,1597967999999,91012.32842600,448,2583.22800000,44463.47380300,0
2020-08-21,17.90600000,19.84700000,16.48600000,16.48600000,8671.23400000,1598054399999,159969.90593800,822,5068.76500000,94482.10886900,0
2020-08-22,16.37200000,19.19700000,15.68300000,18.87100000,2535.84800000,1598140799999,45080.92636700,386,1343.71700000,24201.81302300,0
2020-08-23,19.19900000,19.72200000,17.75000000,18.19400000,2255.77600000,1598227199999,41436.49712500,312,979.76300000,18056.53365100,0
2020-08-24,18.13700000,19.52800000,17.90900000,18.06600000,2022.47700000,1598313599999,37545.64722800,218,864.21200000,15995.03771200,0
2020-08-25,18.12200000,18.19400000,16.19300000,17.04500000,2774.89200000,1598399999999,47672.02886800,361,971.22100000,16740.78860900,0
2020-08-26,17.04500000,18.05000000,16.38200000,17.34600000,5302.06200000,1598486399999,91959.57621400,354,2268.34900000,39725.80760000,0
2020-08-27,17.46900000,18.07400000,16.62600000,17.60900000,2927.84800000,1598572799999,50788.87347100,320,1757.22000000,30576.82950100,0
2020-08-28,17.52100000,18.68700000,16.37200000,18.27100000,4838.69400000,1598659199999,87295.72492600,326,2215.11200000,40068.74477100,0
2020-08-29,18.35700000,21.93900000,17.92500000,21.15300000,12044.41900000,1598745599999,245872.77091900,1054,8835.73600000,179872.07824900,0
2020-08-30,21.10400000,22.91300000,19.87900000,20.66000000,4004.32300000,1598831999999,86143.67919500,442,2015.69900000,43615.08783000,0
2020-08-31,20.68200000,21.46500000,20.18600000,20.45800000,2229.14500000,1598918399999,46447.40644700,271,1205.95500000,25203.19150800,0
2020-09-01,20.38900000,22.51200000,20.17700000,21.35700000,3636.16700000,1599004799999,77595.40868700,401,1916.33400000,40685.48687100,0
2020-09-02,21.42300000,21.75600000,19.55400000,20.48700000,2692.84700000,1599091199999,54960.95720400,329,1140.12800000,23311.35891400,0
2020-09-03,20.27500000,20.67100000,17.25200000,17.87600000,2974.31400000,1599177599999,56363.61557900,291,1357.41500000,25781.32111500,0
2020-09-04,17.72000000,19.78600000,17.36100000,19.00000000,4683.54500000,1599263999999,87670.19346000,517,2166.72100000,41005.46956400,0
2020-09-05,18.89500000,19.35200000,16.34100000,16.89500000,3613.24900000,1599350399999,63158.31152500,308,1408.50700000,24838.67182500,0
2020-09-06,16.50400000,17.94600000,16.28900000,17.24900000,1334.33800000,1599436799999,22551.92236900,116,514.11800000,8809.26364000,0
2020-09-07,17.33800000,18.25500000,15.92000000,18.15600000,1704.76300000,1599523199999,28881.58543200,146,789.64200000,13284.32159200,0
2020-09-08,17.97000000,18.57000000,16.61900000,17.05800000,692.79700000,1599609599999,11978.99904400,59,327.47300000,5657.59518000,0
2020-09-09,17.01500000,17.92800000,16.66700000,17.72000000,897.37000000,1599695999999,15592.97873900,79,580.00300000,10097.17571300,0
2020-09-10,17.33500000,19.00000000,17.32000000,18.48700000,1068.11600000,1599782399999,19357.49864500,109,763.55500000,13922.26227500,0
2020-09-11,18.79200000,20.60400000,18.14100000,20.31100000,4146.71500000,1599868799999,82224.50624800,323,1175.00300000,23274.64050100,0
2020-09-12,20.15500000,21.80000000,19.72400000,21.77300000,4596.83100000,1599955199999,95176.82055900,314,2871.88900000,59908.95563000,0
2020-09-13,21.60200000,22.00300000,19.31500000,20.37500000,4662.44000000,1600041599999,97080.57799400,332,2180.82700000,45935.21276800,0
2020-09-14,20.37500000,22.50000000,19.55400000,21.66400000,2796.98000000,1600127999999,60346.04004500,217,1984.09600000,42867.70355600,0
2020-09-15,22.22400000,22.42500000,20.15200000,20.15200000,1945.78200000,1600214399999,41450.98474200,186,638.69200000,13612.50158000,0
2020-09-16,19.96100000,21.87100000,19.43300000,20.85000000,3832.79200000,1600300799999,79783.60157100,332,1776.72600000,37358.47984100,0
2020-09-17,21.44800000,24.30000000,20.75700000,23.53700000,4459.02800000,1600387199999,102289.93417100,304,2863.30700000,66228.59092900,0
2020-09-18,23.73200000,25.93700000,23.00000000,25.20000000,6167.60900000,1600473599999,152013.52239200,397,3716.54400000,91844.97619400,0
2020-09-19,24.94500000,25.05000000,23.61700000,24.53300000,1992.28500000,1600559999999,48533.87230800,138,1491.33900000,36419.90239600,0
2020-09-20,24.43800000,25.55700000,22.84700000,23.61000000,6610.33900000,1600646399999,165039.67251400,337,5555.40500000,139470.70051400,0
2020-09-21,23.55200000,24.47500000,19.54000000,20.01000000,5484.57500000,1600732799999,116331.73625900,430,1934.72900000,40061.24542200,0
2020-09-22,20.16800000,20.88900000,18.58700000,20.25400000,5967.17200000,1600819199999,116440.80946800,349,877.92400000,17136.89576500,0
2020-09-23,20.16200000,21.85000000,18.87100000,19.67700000,5083.61100000,1600905599999,105432.85556700,517,1931.14100000,40365.65360400,0
2020-09-24,19.81000000,24.00000000,19.26000000,21.80700000,3046.58900000,1600991999999,65550.64982700,300,2067.22900000,44770.89511600,0
2020-09-25,21.80000000,23.18100000,20.92800000,21.35400000,7804.88400000,1601078399999,171195.60202500,602,3727.72400000,80918.43608100,0
2020-09-26,21.42000000,22.44000000,20.46900000,21.02000000,3367.88200000,1601164799999,72806.46586400,260,1057.87800000,22843.71575100,0
2020-09-27,21.02000000,22.10500000,19.19400000,21.19900000,3602.09800000,1601251199999,75241.37527200,271,1372.19000000,29142.45044300,0
2020-09-28,21.59600000,21.59700000,19.82800000,20.00500000,3135.61400000,1601337599999,64034.77949800,206,1592.27300000,32558.65795100,0
2020-09-29,19.87700000,20.23900000,18.93500000,19.73000000,1414.91900000,1601423999999,27639.70263600,160,730.98600000,14327.43529800,0
2020-09-30,19.67000000,20.02000000,18.72100000,19.12000000,2062.84800000,1601510399999,39489.72341800,182,987.51900000,18918.67681700,0
2020-10-01,19.15000000,20.25500000,18.14700000,18.60000000,1860.30900000,1601596799999,35658.42454400,249,1006.76600000,19372.43837000,0
2020-10-02,18.54400000,19.05200000,17.31700000,18.03400000,6099.95700000,1601683199999,110678.46649400,414,4258.28700000,77635.70623000,0
2020-10-03,18.09200000,18.26200000,17.68400000,17.83000000,1493.83500000,1601769599999,26875.79037700,197,690.34400000,12437.49591700,0
2020-10-04,17.76400000,18.15000000,17.37600000,18.09200000,2835.30100000,1601855999999,50542.36002000,350,1597.03100000,28520.64635200,0
2020-10-05,18.10400000,18.22000000,17.42400000,17.69800000,2669.59900000,1601942399999,47638.59725900,332,1474.05900000,26333.74290100,0
2020-10-06,17.69500000,17.77500000,16.30000000,16.53000000,3980.92900000,1602028799999,67491.26989300,408,2317.18700000,39351.67605000,0
2020-10-07,16.46100000,16.97200000,16.10000000,16.77000000,3196.69700000,1602115199999,53057.47700700,251,1255.60000000,20837.58887200,0
2020-10-08,16.70000000,17.69700000,16.09300000,17.19200000,3424.82900000,1602201599999,57486.73479800,292,1509.54100000,25430.73874900,0
2020-10-09,17.04500000,17.69000000,16.83200000,17.43200000,2627.93500000,1602287999999,45742.31326400,147,1072.91000000,18663.14076400,0
2020-10-10,17.49300000,18.39300000,17.45800000,17.53500000,2262.64100000,1602374399999,40530.91704000,239,1620.55200000,29001.57774900,0
2020-10-11,17.52500000,17.97100000,17.37700000,17.80000000,1615.85600000,1602460799999,28587.75883700,201,655.36900000,11630.38530200,0
2020-10-12,17.76200000,18.48800000,17.45000000,17.89300000,2783.91800000,1602547199999,50512.89272800,249,1809.69000000,32833.78969300,0
2020-10-13,17.88800000,18.21900000,17.40900000,17.54200000,10487.42200000,1602633599999,187027.76454200,294,9577.59100000,170880.00021300,0
2020-10-14,17.59700000,17.77800000,16.83900000,17.01000000,1725.75900000,1602719999999,29568.52862000,192,421.25300000,7254.95523800,0
2020-10-15,16.88700000,17.33000000,16.86400000,17.18000000,1255.60300000,1602806399999,21521.64696900,131,363.57100000,6244.99732600,0
2020-10-16,17.17000000,17.30900000,16.75000000,17.01000000,1043.67200000,1602892799999,17766.75283800,128,327.76300000,5573.06385000,0
2020-10-17,16.99500000,18.73100000,16.87000000,17.23500000,1236.04200000,1602979199999,21417.21007200,123,791.78300000,13839.21051600,0
2020-10-18,17.18000000,17.76700000,17.17800000,17.36500000,695.47300000,1603065599999,12161.19036100,89,198.67700000,3483.00126200,0
2020-10-19,17.42500000,17.68000000,17.13800000,17.56000000,645.86500000,1603151999999,11262.84409900,121,365.23800000,6372.13593500,0
2020-10-20,17.67100000,18.11700000,16.90100000,16.96500000,1085.66600000,1603238399999,19069.51482500,149,434.69700000,7709.58293700,0
2020-10-21,16.95400000,18.84000000,16.95400000,18.24400000,2283.57500000,1603324799999,41716.97368600,213,1908.19800000,34872.88239000,0
2020-10-22,18.53000000,19.48800000,18.31200000,18.64800000,2953.05400000,1603411199999,55766.26855500,181,1220.45900000,23149.14982200,0
2020-10-23,18.73100000,18.76000000,17.90300000,18.12500000,3945.66700000,1603497599999,72082.08317900,174,1940.45800000,35299.67947000,0
2020-10-24,18.06200000,18.47500000,18.00000000,18.29900000,540.63900000,1603583999999,9828.34289600,60,293.90900000,5351.68536400,0
2020-10-25,18.27700000,18.57000000,17.63900000,17.79000000,495.06700000,1603670399999,8902.86257300,71,187.32500000,3384.19019900,0
2020-10-26,17.99300000,18.15800000,16.71400000,17.02100000,435.55900000,1603756799999,7586.13450400,72,111.80700000,1974.01109600,0
2020-10-27,17.07700000,17.42200000,16.37400000,16.91000000,851.20800000,1603843199999,14577.02850700,77,367.44200000,6329.83695300,0
2020-10-28,17.00000000,17.12600000,15.72000000,15.88400000,2531.79000000,1603929599999,40936.70393200,166,1749.22800000,28314.50903900,0
2020-10-29,15.85000000,15.94600000,15.00000000,15.11500000,2133.39500000,1604015999999,32911.09053800,128,554.00400000,8631.91397900,0
2020-10-30,15.44400000,15.46400000,13.80000000,14.86800000,8516.12700000,1604102399999,126477.76711700,315,6441.30600000,96563.41951400,0
2020-10-31,14.70800000,15.21800000,14.54400000,14.63000000,665.15200000,1604188799999,9880.17590900,65,333.44800000,4970.04019600,0
2020-11-01,14.71000000,14.94600000,14.54100000,14.92700000,344.39300000,1604275199999,5056.55612900,36,137.36200000,2027.17942200,0
2020-11-02,15.24000000,15.64200000,15.02700000,15.07000000,1411.95800000,1604361599999,21787.23273000,104,1183.61900000,18287.36257500,0
2020-11-03,15.05100000,15.45000000,14.19900000,14.66200000,1684.09200000,1604447999999,24881.09691700,114,1031.55400000,15273.38541100,0
2020-11-04,14.66200000,14.79500000,13.50800000,14.17900000,3674.23100000,1604534399999,51219.17702600,165,633.68000000,8988.73167200,0
2020-11-05,14.17900000,15.06800000,13.70400000,14.55600000,1453.80700000,1604620799999,20961.78576000,95,876.42200000,12706.54291300,0
2020-11-06,14.32900000,16.09700000,14.32900000,16.09700000,5285.72200000,1604707199999,80186.32086400,274,893.33900000,13852.98854600,0
2020-11-07,16.09300000,16.77200000,14.57600000,15.05800000,5618.49600000,1604793599999,88016.00213700,231,1868.45700000,28466.65196800,0
2020-11-08,14.91500000,15.67400000,14.91400000,15.47700000,330.46400000,1604879999999,5066.94206500,32,151.18900000,2324.83911800,0
2020-11-09,15.51500000,15.57900000,14.85000000,15.25000000,1319.36100000,1604966399999,19929.21977600,55,351.04000000,5319.63779400,0
2020-11-10,15.14100000,15.90900000,15.14100000,15.75000000,606.87500000,1605052799999,9453.22976800,35,220.94300000,3429.68501200,0
2020-11-11,15.89900000,15.99000000,15.42600000,15.42600000,424.93200000,1605139199999,6681.21424400,44,246.18700000,3903.26183800,0
2020-11-12,15.32000000,16.38500000,15.24000000,15.51000000,1850.63100000,1605225599999,28728.01539700,145,1539.04700000,23908.09276800,0
2020-11-13,15.55000000,16.35300000,15.33400000,16.05000000,782.04400000,1605311999999,12272.50013400,53,574.82300000,9041.07947000,0
2020-11-14,15.87500000,16.19400000,15.39000000,15.72900000,683.28200000,1605398399999,10642.54552900,53,169.57700000,2658.65531400,0
2020-11-15,15.90200000,15.93800000,15.00000000,15.21000000,801.44800000,1605484799999,12408.90570500,75,370.07200000,5773.33760300,0
2020-11-16,15.09500000,15.89800000,15.09500000,15.74000000,307.27000000,1605571199999,4811.75711200,25,176.72600000,2796.83717700,0
2020-11-17,15.89200000,16.71800000,15.70700000,16.23500000,1257.79600000,1605657599999,20328.81313200,79,562.43900000,9176.95996900,0
2020-11-18,16.27000000,16.28200000,14.82000000,15.79200000,1904.38800000,1605743999999,29751.74474300,149,1076.37400000,16891.10502200,0
2020-11-19,15.61900000,16.68000000,15.41400000,16.05000000,742.25400000,1605830399999,11945.93928800,73,482.80400000,7790.15349500,0
2020-11-20,16.15000000,17.35800000,16.15000000,16.36500000,1985.21000000,1605916799999,32934.38106700,138,902.61400000,15062.53099600,0
2020-11-21,16.52300000,18.43100000,16.50000000,18.14600000,8443.52600000,1606003199999,149343.10401500,232,7110.31700000,125686.55694000,0
2020-11-22,18.44000000,18.74000000,16.36800000,17.11500000,10110.03700000,1606089599999,178370.03026800,329,1687.27500000,29475.11379000,0
2020-11-23,17.51400000,19.18400000,17.00000000,19.18400000,4669.39500000,1606175999999,84626.84338900,265,1303.74400000,24025.75498800,0
2020-11-24,19.00000000,22.74000000,18.11000000,20.53000000,13182.80200000,1606262399999,253694.88488500,636,9888.29000000,188394.88460900,0
2020-11-25,20.66400000,22.74000000,18.73500000,19.80000000,6647.74400000,1606348799999,134097.69317900,415,2553.60500000,52309.96095800,0
2020-11-26,19.39200000,20.10000000,15.52000000,17.00200000,7751.54800000,1606435199999,133442.05612500,537,4226.97400000,71708.44910200,0
2020-11-27,17.02500000,17.45000000,16.28000000,17.04000000,4746.52700000,1606521599999,78834.15219700,238,3837.63200000,63595.31473200,0
2020-11-28,17.13500000,19.46500000,16.56500000,17.51500000,2084.10800000,1606607999999,36697.46221200,234,1258.03000000,22167.96133600,0
2020-11-29,17.59700000,17.89500000,16.92000000,17.70500000,2506.88100000,1606694399999,43970.58253400,234,1563.51600000,27447.99077200,0
2020-11-30,17.78000000,20.00000000,17.42000000,18.47700000,4691.81100000,1606780799999,85631.22738000,373,1603.25200000,29049.29215100,0
2020-12-01,18.47700000,19.41400000,16.60000000,17.58200000,6795.22000000,1606867199999,121717.17886800,741,3930.94400000,69958.65224700,0
2020-12-02,17.42000000,18.38000000,17.10200000,17.84800000,2644.56600000,1606953599999,47333.95242200,202,801.02400000,14438.27228200,0
2020-12-03,17.93500000,19.10000000,17.10300000,18.85500000,1394.33600000,1607039999999,25695.74444300,135,961.92900000,17777.68416000,0
2020-12-04,18.82100000,18.98000000,16.60100000,17.49800000,3748.71600000,1607126399999,67444.06747600,199,2055.39100000,37116.03448100,0
2020-12-05,17.07800000,18.10800000,17.07800000,17.80400000,533.99900000,1607212799999,9539.06568900,41,259.95400000,4657.59702400,0
2020-12-06,18.06700000,18.06700000,17.30900000,17.86700000,563.71800000,1607299199999,9986.22394300,56,266.84600000,4748.15852000,0
2020-12-07,17.76500000,17.86400000,17.27500000,17.35400000,472.96800000,1607385599999,8335.96076900,47,128.91800000,2281.61577400,0
2020-12-08,17.46000000,17.46000000,16.22300000,16.46100000,3403.06900000,1607471999999,57450.66110200,197,2145.21900000,36189.06836900,0
2020-12-09,16.14000000,17.26500000,15.65000000,16.91100000,2029.70500000,1607558399999,33099.45908300,147,802.20200000,13301.05818400,0
2020-12-10,16.80000000,16.80000000,16.00000000,16.12300000,1198.20800000,1607644799999,19578.15948800,76,512.77300000,8438.34665200,0
2020-12-11,16.00000000,16.42900000,15.50000000,15.89900000,3418.81800000,1607731199999,54477.64965600,185,1458.31400000,23466.95613600,0
2020-12-12,16.05700000,16.52900000,16.05700000,16.51600000,1817.35900000,1607817599999,29606.43159300,106,316.50800000,5190.16396600,0
2020-12-13,16.42600000,17.72800000,16.42600000,17.27900000,1246.24600000,1607903999999,21571.96024900,99,423.69000000,7267.33889300,0
2020-12-14,17.22300000,17.56100000,16.67600000,17.37800000,2977.27200000,1607990399999,51379.62966500,173,2026.17400000,34996.34727700,0
2020-12-15,17.37800000,17.63100000,16.74600000,17.18000000,691.28500000,1608076799999,11911.84322900,80,434.70800000,7524.20344100,0
2020-12-16,17.08400000,17.90000000,16.69000000,17.90000000,2282.39300000,1608163199999,39973.50945600,182,1201.70000000,21158.29922200,0
2020-12-17,17.98600000,18.71000000,17.43300000,17.78000000,2546.13600000,1608249599999,46391.65339200,270,1449.75200000,26510.45966000,0
2020-12-18,17.50000000,18.42800000,17.50000000,18.07600000,3968.04400000,1608335999999,70810.88692200,154,2451.48500000,43630.57185000,0
2020-12-19,17.97200000,18.47700000,17.05800000,17.78900000,4165.51700000,1608422399999,75169.57696100,314,2829.76800000,51203.91818400,0
2020-12-20,17.78900000,18.50000000,17.00000000,17.52100000,3386.64800000,1608508799999,60730.76400800,337,1768.66800000,31893.98118900,0
2020-12-21,17.37100000,17.85600000,16.05900000,16.71000000,2269.76300000,1608595199999,38101.09115100,222,1073.23800000,17910.95612300,0
2020-12-22,16.43400000,16.82100000,15.70100000,16.20900000,1324.25900000,1608681599999,21716.05131100,108,282.42300000,4685.79014100,0
2020-12-23,16.22500000,16.56000000,12.23000000,13.47100000,5962.62100000,1608767999999,87055.71191600,446,2021.81000000,30616.17138200,0
2020-12-24,13.01100000,15.53800000,13.00700000,15.50100000,3070.66200000,1608854399999,43289.38569300,231,1685.70400000,23870.19646900,0
2020-12-25,15.12100000,15.89600000,13.72000000,15.14300000,2888.82000000,1608940799999,43843.67381700,221,1190.96900000,18240.91656900,0
2020-12-26,15.14200000,15.45200000,14.24600000,14.94300000,3311.47900000,1609027199999,49089.22116200,222,766.10300000,11424.55759300,0
2020-12-27,14.88000000,15.89900000,14.06000000,15.00100000,7297.99800000,1609113599999,110353.83969700,402,3362.12900000,51213.91858800,0
2020-12-28,15.00000000,16.64200000,15.00000000,15.71100000,4361.42400000,1609199999999,68591.63266000,364,3594.70400000,56585.40871200,0
2020-12-29,15.57100000,15.90000000,14.00000000,15.17900000,5808.68400000,1609286399999,86991.73463200,308,2152.64500000,32155.48160500,0
2020-12-30,15.03500000,15.18000000,14.00000000,14.89400000,2676.45200000,1609372799999,39686.13341500,219,717.96700000,10632.33420600,0
2020-12-31,14.61400000,14.88000000,13.99900000,14.30500000,2704.77800000,1609459199999,39038.87036000,191,449.37400000,6509.55310900,0
2021-01-01,14.18000000,14.91600000,14.15100000,14.47000000,5070.90000000,1609545599999,73506.74674700,353,1803.65200000,26286.49431700,0
2021-01-02,14.49000000,14.97500000,14.14000000,14.28500000,5062.36600000,1609631999999,73392.95079800,459,2746.10700000,39913.65643500,0
2021-01-03,14.51200000,16.34000000,13.50000000,15.97700000,14030.02100000,1609718399999,212821.66363400,705,7387.15500000,111586.08600100,0
2021-01-04,16.17300000,18.00000000,14.21900000,16.31400000,17832.09700000,1609804799999,295972.20352700,1851,8576.14500000,141702.96204100,0
2021-01-05,16.36900000,18.31700000,15.42000000,16.91400000,9816.45300000,1609891199999,163355.17219300,2097,5590.60900000,94017.73102300,0
2021-01-06,16.91400000,20.31100000,16.64500000,19.39400000,25000.97400000,1609977599999,459383.99728500,2321,7505.19700000,139023.10643800,0
2021-01-07,19.39200000,22.89100000,18.00000000,20.46800000,26587.83300000,1610063999999,531332.70506300,1206,19165.82000000,379175.30114700,0
2021-01-08,20.77500000,21.57900000,18.57200000,20.19600000,14912.13200000,1610150399999,300953.66749400,499,7308.99000000,147129.30967000,0
2021-01-09,19.94200000,21.77700000,19.00800000,20.82500000,7331.23400000,1610236799999,150267.05661900,278,4482.24700000,92040.49584200,0
2021-01-10,21.78100000,26.67700000,19.50100000,24.99900000,43845.66900000,1610323199999,998380.01287600,1941,21982.79700000,500561.75132600,0
2021-01-11,24.99900000,26.58400000,20.01100000,23.64800000,41987.47800000,1610409599999,941813.38969100,2571,19236.97700000,439101.99797500,0
2021-01-12,23.71300000,24.73800000,21.50300000,22.10000000,8195.46400000,1610495999999,187426.55116500,712,3858.30000000,88043.84384200,0
2021-01-13,21.54000000,23.88600000,20.59100000,23.41400000,7419.99300000,1610582399999,161646.00651600,470,3427.45800000,75631.23926000,0
2021-01-14,23.61900000,23.93900000,22.10000000,22.58500000,8720.32200000,1610668799999,200245.77224200,499,4021.45300000,92994.97051600,0
2021-01-15,22.95000000,26.00000000,21.50000000,23.37000000,31396.70300000,1610755199999,743280.17017600,1323,13050.14100000,307719.31123700,0
2021-01-16,23.39700000,26.59900000,22.59800000,23.82600000,12605.84400000,1610841599999,303233.34829000,929,4732.34300000,114290.43017900,0
2021-01-17,23.46600000,24.71000000,22.22400000,23.71000000,8259.94700000,1610927999999,190431.11165300,628,3059.58100000,71163.64052800,0
2021-01-18,24.42300000,28.36800000,23.10000000,27.11800000,22301.47400000,1611014399999,590984.08170000,1502,15612.08300000,413091.76985200,0
2021-01-19,27.49400000,28.90000000,26.19100000,26.35500000,11638.97100000,1611100799999,317096.93580000,897,6897.70300000,188750.70129200,0
2021-01-20,26.50800000,26.82300000,23.80000000,26.05000000,11658.73500000,1611187199999,293508.19337000,1012,4474.11800000,113259.56942000,0
2021-01-21,26.21700000,26.21700000,21.74100000,22.00000000,11290.42300000,1611273599999,266062.37751200,791,6021.74900000,141844.10345000,0
2021-01-22,22.29000000,24.74100000,20.58600000,23.42000000,9693.96200000,1611359999999,225935.79106300,566,4870.17500000,113449.80881700,0
2021-01-23,23.31200000,25.42200000,23.05700000,24.54100000,5155.01000000,1611446399999,126032.01380900,437,2955.27300000,72193.64357300,0
2021-01-24,24.50000000,25.63800000,23.63700000,24.36500000,5453.33800000,1611532799999,135346.38129200,412,3488.09600000,86778.60999000,0
2021-01-25,24.53800000,25.24900000,23.02600000,23.20100000,7900.38700000,1611619199999,192644.58384000,462,2203.48400000,54006.91637100,0
2021-01-26,23.23000000,23.77000000,22.34300000,23.22000000,5584.82800000,1611705599999,129489.14689000,377,1724.33300000,39970.00189700,0
2021-01-27,23.10300000,23.10300000,20.30500000,20.97100000,5370.34800000,1611791999999,113197.94903500,463,2187.01300000,46256.12191300,0
2021-01-28,20.91900000,22.91600000,20.68900000,22.23200000,6373.51600000,1611878399999,142605.38331400,403,3006.29100000,66662.36222300,0
2021-01-29,22.24100000,23.93000000,21.84000000,22.51400000,7689.45000000,1611964799999,177795.07345800,661,2418.56000000,55653.60768300,0
2021-01-30,22.83100000,24.30200000,21.82000000,22.79300000,5453.98800000,1612051199999,122269.49637900,348,2667.24800000,60286.24923200,0
2021-01-31,22.98000000,23.46300000,21.38300000,22.26400000,5605.32200000,1612137599999,125561.87678100,409,2556.03000000,57373.55318600,0
2021-02-01,22.24900000,23.99900000,21.83400000,23.14300000,4929.85900000,1612223999999,111460.11818100,402,1853.13900000,41841.86763200,0
2021-02-02,23.06100000,24.00000000,22.50400000,23.70000000,3332.38700000,1612310399999,77651.98712100,352,1709.27300000,39997.53892100,0
2021-02-03,23.72300000,24.98000000,23.52000000,24.55100000,4289.85900000,1612396799999,104696.29183600,426,2493.32200000,60864.12045700,0
2021-02-04,24.78200000,25.00000000,22.88100000,23.67700000,8984.06300000,1612483199999,214602.72157200,652,4164.00400000,99791.91584700,0
2021-02-05,23.98900000,26.49700000,23.87700000,26.10600000,11689.54700000,1612569599999,291835.04650100,641,4391.50600000,110309.35460200,0
2021-02-06,26.27900000,26.39800000,24.30300000,24.78900000,8212.96800000,1612655999999,205992.78781800,610,4519.91800000,113867.94785600,0
2021-02-07,24.97300000,25.62300000,23.31400000,24.71300000,9885.63700000,1612742399999,241348.46743900,709,4403.46500000,108223.61134100,0
2021-02-08,24.48400000,27.87100000,23.76800000,27.49500000,12692.15400000,1612828799999,331451.26823400,903,7971.54800000,210097.85968100,0
2021-02-09,27.48700000,33.91900000,26.37900000,31.18000000,24376.21800000,1612915199999,731585.84951300,2049,13095.85600000,394340.00934100,0
2021-02-10,31.14100000,36.47500000,29.89000000,33.55800000,29068.93900000,1613001599999,960514.30315400,2428,16396.59900000,545823.36401300,0
2021-02-11,33.70400000,38.95000000,32.75600000,36.41000000,17346.87000000,1613087999999,641598.32604500,1916,11342.87000000,421603.12861100,0
2021-02-12,36.53500000,38.44900000,33.00000000,37.96700000,10390.09300000,1613174399999,382138.35137200,1014,4063.71300000,150539.63964800,0
2021-02-13,38.05600000,44.40000000,34.60000000,42.53100000,16923.08400000,1613260799999,692651.79521400,1664,5316.94500000,214555.74231300,0
2021-02-14,42.53100000,47.38600000,40.05000000,43.75400000,10269.33800000,1613347199999,452503.08862300,1776,5407.44100000,239055.80896500,0
2021-02-15,44.34400000,45.37700000,36.00000000,41.62800000,15394.96600000,1613433599999,643669.26548400,2370,8051.24400000,340007.66433600,0
2021-02-16,41.82500000,44.60100000,39.45000000,40.83500000,4821.24600000,1613519999999,200218.73547900,864,1781.45400000,74696.73005500,0
2021-02-17,40.67800000,43.97300000,38.75100000,42.78800000,9849.95000000,1613606399999,407387.79421900,900,4326.82800000,179857.10815200,0
2021-02-18,42.84100000,45.00000000,41.82400000,43.79600000,8800.48700000,1613692799999,383587.50137400,875,6922.10700000,302234.23264100,0
2021-02-19,43.67500000,49.84000000,42.02700000,48.11400000,14409.97200000,1613779199999,679265.41138800,1803,6487.28900000,304078.79424600,0
2021-02-20,48.16900000,49.89200000,41.00000000,43.82100000,16695.67700000,1613865599999,773528.56613800,1935,8744.48100000,402855.26647600,0
2021-02-21,43.75100000,54.99900000,42.58400000,54.84900000,16155.93500000,1613951999999,827575.22419200,2699,10282.71600000,528509.71128200,0
2021-02-22,54.99600000,55.40300000,40.52800000,46.87500000,21900.58100000,1614038399999,1032285.15902100,3384,11736.95400000,550755.41532400,0
2021-02-23,46.99900000,47.40200000,31.10000000,38.35600000,46864.23100000,1614124799999,1796642.90039300,3572,15186.16500000,597341.96445800,0
2021-02-24,38.79400000,44.10000000,36.92000000,40.61800000,10640.16000000,1614211199999,437690.37572200,1340,5908.79700000,244355.93244200,0
2021-02-25,41.05600000,43.85600000,38.20000000,38.53300000,5303.45400000,1614297599999,216582.51178000,887,2552.42500000,104908.11983800,0
2021-02-26,38.00000000,39.80000000,35.21300000,37.38700000,10889.15300000,1614383999999,409988.73526200,1028,5550.43300000,209516.56121500,0
2021-02-27,37.79700000,39.50000000,36.00100000,37.45500000,4762.48400000,1614470399999,182978.22898400,482,1227.08000000,47060.59326000,0
2021-02-28,37.22300000,37.50800000,31.91500000,35.24300000,10584.93300000,1614556799999,357953.28117000,879,8056.29700000,272116.54252900,0
2021-03-01,35.54000000,38.83500000,35.08300000,38.05300000,21235.18200000,1614643199999,782510.83599500,1277,8634.34800000,316112.16409300,0
2021-03-02,38.39900000,39.37400000,35.81700000,37.70100000,3700.26600000,1614729599999,140369.75572400,602,1997.53800000,76006.68288000,0
2021-03-03,37.55500000,41.40800000,37.55500000,39.94000000,5032.77100000,1614815999999,202652.56526200,595,3553.99100000,143224.36707900,0
2021-03-04,39.54200000,40.93600000,36.75400000,38.00900000,3418.81500000,1614902399999,131653.38513200,688,1554.05200000,60218.32655500,0
2021-03-05,37.69400000,38.10800000,35.58300000,37.47100000,4730.25600000,1614988799999,173989.82115700,393,2117.48900000,78232.88751600,0
2021-03-06,37.71000000,41.95200000,36.35500000,38.09600000,2915.05200000,1615075199999,110280.06711600,310,2271.12400000,86404.28182600,0
2021-03-07,38.17600000,49.10000000,37.94000000,39.31200000,3086.21200000,1615161599999,124696.35283300,474,2267.13400000,92953.84346600,0
2021-03-08,39.47900000,40.19900000,37.80100000,40.16400000,2454.15000000,1615247999999,95430.27960600,348,1137.04300000,44368.94328100,0
2021-03-09,40.16400000,43.06200000,39.62900000,42.66200000,4547.18400000,1615334399999,189999.64029200,584,2343.73700000,98272.71957900,0
2021-03-10,42.47300000,43.12300000,39.87900000,40.82100000,4644.66200000,1615420799999,190693.70906600,565,2124.45900000,87673.43767400,0
2021-03-11,40.63100000,45.00000000,39.12600000,41.95000000,4451.82400000,1615507199999,181721.58738500,630,1682.32500000,69095.51242800,0
2021-03-12,41.95000000,42.04300000,38.52600000,39.84700000,3419.20000000,1615593599999,137647.36395300,482,1431.78500000,57709.94668100,0
2021-03-13,39.47000000,42.83900000,38.37700000,42.28400000,5163.74000000,1615679999999,212697.46447100,613,3109.68700000,128067.18339100,0
2021-03-14,42.06200000,42.82500000,39.57900000,39.57900000,4512.90100000,1615766399999,184308.87326600,455,2126.29000000,87013.97163400,0
2021-03-15,39.90500000,41.00600000,37.08100000,38.58100000,5267.82900000,1615852799999,204976.60619700,634,1795.87100000,69723.38046500,0
2021-03-16,38.90000000,40.85500000,37.55600000,40.78900000,2771.26800000,1615939199999,108340.19172400,390,1805.27500000,70525.08054600,0
2021-03-17,40.97400000,48.61700000,40.20000000,46.51600000,10997.59200000,1616025599999,475053.91415600,1321,5119.44100000,223432.02972100,0
2021-03-18,46.43500000,48.09500000,42.33600000,43.50700000,6026.62500000,1616111999999,271820.16384600,826,2008.77300000,92233.02745900,0
2021-03-19,43.45000000,45.70400000,42.33900000,43.90400000,2157.73500000,1616198399999,96183.10137900,412,998.39700000,44724.28586200,0
2021-03-20,43.90900000,45.40300000,42.97400000,43.04800000,3328.60900000,1616284799999,146924.45314300,417,1313.29500000,58240.23768600,0
2021-03-21,42.88500000,43.70000000,41.15700000,42.64800000,2919.42700000,1616371199999,122713.63027300,445,1297.44000000,54543.26161100,0
2021-03-22,42.09100000,46.00000000,40.00000000,41.02300000,4888.63700000,1616457599999,206828.52018400,751,2466.11100000,104891.81288800,0
2021-03-23,40.63100000,42.28700000,40.18700000,41.19900000,2149.43800000,1616543999999,88356.72625700,307,1208.81800000,49876.21262500,0
2021-03-24,40.64600000,45.31500000,37.91500000,39.57900000,5467.42200000,1616630399999,229666.49253100,1002,2739.04600000,115815.89421900,0
2021-03-25,39.38700000,40.89800000,37.31400000,38.65000000,6410.66200000,1616716799999,249814.96101100,886,3555.28400000,139042.86289500,0
2021-03-26,38.84300000,41.91100000,38.75200000,41.47500000,4598.67300000,1616803199999,185322.32183400,427,2343.28800000,95498.79470100,0
2021-03-27,41.78100000,42.73500000,40.23800000,41.10000000,2131.80500000,1616889599999,88553.74866900,355,1109.77000000,46528.32138900,0
2021-03-28,41.10000000,45.00000000,40.99700000,44.78700000,4318.64800000,1616975999999,188036.82151000,868,2824.46200000,123174.25248100,0
2021-03-29,44.63900000,46.42100000,43.41100000,45.54800000,5916.82600000,1617062399999,268036.98310300,660,4477.85000000,203206.76080200,0
2021-03-30,45.75300000,45.96000000,44.06400000,45.07200000,1903.83800000,1617148799999,85558.26169600,339,725.22700000,32754.59785900,0
2021-03-31,45.11800000,52.18200000,42.44800000,50.90300000,7488.92400000,1617235199999,350872.64018500,1383,4345.25100000,205477.52552400,0
2021-04-01,50.90300000,53.85300000,50.37500000,52.57100000,7385.62000000,1617321599999,385600.20057100,1246,3921.75700000,205184.63070800,0
2021-04-02,52.25500000,55.24000000,51.04800000,53.10800000,3184.26800000,1617407999999,169254.20640700,722,1596.32100000,85374.98290500,0
2021-04-03,52.88900000,56.61100000,50.50500000,50.71000000,6208.34200000,1617494399999,330281.19414900,1233,2722.35400000,144743.87572500,0
2021-04-04,50.59100000,54.58400000,49.86100000,54.58400000,2624.02800000,1617580799999,136829.34959300,477,1385.58600000,72725.70291100,0
2021-04-05,54.33500000,59.73400000,51.68500000,58.81600000,6243.01400000,1617667199999,352885.93948800,1157,2691.46200000,151676.88842500,0
2021-04-06,59.20700000,64.80000000,57.59600000,62.97100000,14005.50500000,1617753599999,860107.80446200,1942,6083.78000000,374669.47667800,0
2021-04-07,63.50000000,68.55600000,56.00600000,59.76500000,10587.36500000,1617839999999,661229.11567800,1687,5555.76500000,350077.28361300,0
2021-04-08,60.72000000,63.39200000,58.11500000,62.89000000,6992.19900000,1617926399999,430333.51477900,644,5712.26100000,351808.65438900,0
2021-04-09,62.71000000,65.90400000,60.12800000,60.70700000,2279.26900000,1618012799999,141348.67991300,327,1095.54000000,68555.15438900,0
2021-04-10,61.51400000,63.50200000,59.49800000,61.62000000,2188.38300000,1618099199999,135123.82609900,355,822.35900000,50848.26628200,0
2021-04-11,61.62000000,66.72600000,61.00000000,63.95700000,3167.23000000,1618185599999,201686.53506000,510,1367.74100000,86663.96892200,0
2021-04-12,63.75800000,69.30000000,60.74300000,64.92800000,4253.45000000,1618271999999,271974.78852000,748,2128.31700000,138547.23245300,0
2021-04-13,64.56200000,68.40000000,61.41500000,66.80300000,5750.54200000,1618358399999,375960.04906800,959,1958.14200000,129629.10560200,0
2021-04-14,66.80000000,71.00000000,63.60000000,68.44600000,8152.10500000,1618444799999,560794.16835400,1157,5066.23200000,350711.16052000,0
2021-04-15,69.43400000,75.02200000,66.60700000,75.02200000,5081.59800000,1618531199999,360274.32523500,982,2892.45300000,207567.07391300,0
2021-04-16,74.84100000,88.80000000,73.39000000,87.04400000,26992.57500000,1618617599999,2222785.81954600,4420,16814.07000000,1401121.92429800,0
2021-04-17,86.67000000,106.70500000,86.12000000,93.70700000,18686.27000000,1618703999999,1809498.00036400,5131,11112.40900000,1082211.86569400,0
2021-04-18,93.93200000,125.00000000,63.10000000,120.00000000,23925.98800000,1618790399999,2216668.38085200,5685,12103.37000000,1144855.14479800,0
2021-04-19,120.00000000,134.30400000,101.00000000,109.41000000,34185.92700000,1618876799999,4006811.93232700,6259,19788.55600000,2319798.10722900,0
2021-04-20,107.40600000,115.64500000,97.86300000,106.96400000,16615.94200000,1618963199999,1767673.73525200,1925,9041.45800000,964544.26873800,0
2021-04-21,108.44500000,109.28600000,95.59600000,97.76600000,7702.28400000,1619049599999,789337.95989600,1107,3255.99700000,336410.71762300,0
2021-04-22,98.00000000,105.00000000,85.00700000,90.20700000,9561.87200000,1619135999999,895694.04290400,1464,4079.70900000,389964.90976400,0
2021-04-23,90.10100000,91.50300000,72.04300000,85.31900000,9934.99100000,1619222399999,800449.05302800,1951,4360.95100000,350223.70110300,0
2021-04-24,86.31900000,90.21600000,78.98200000,79.00000000,3764.79100000,1619308799999,311952.44099500,652,2007.00700000,167615.45877800,0
2021-04-25,81.48200000,88.00000000,73.00000000,79.31900000,2975.31500000,1619395199999,240361.98932300,548,1480.74500000,119476.61269000,0
2021-04-26,79.69500000,93.00000000,79.41400000,89.71800000,3995.11200000,1619481599999,350390.56651000,713,1774.72700000,156499.68769000,0
2021-04-27,90.37600000,95.83800000,88.44200000,94.31700000,2958.76800000,1619567999999,274505.42926500,589,1448.88900000,134835.35471500,0
2021-04-28,93.92700000,98.00000000,86.76000000,91.56600000,4037.50400000,1619654399999,365799.76139300,705,2037.61900000,185462.28062000,0
2021-04-29,91.99900000,93.39600000,85.73000000,89.68300000,2477.67100000,1619740799999,223306.08662700,412,1446.59200000,130383.50123200,0
2021-04-30,90.00000000,99.94100000,87.67300000,97.44200000,2720.58200000,1619827199999,254823.61243300,589,1835.21500000,172824.92257600,0
2021-05-01,97.44200000,104.00000000,93.33400000,101.57700000,1636.78800000,1619913599999,160273.30954900,496,808.28000000,79721.96608000,0
2021-05-02,102.57700000,109.97900000,98.56300000,106.33200000,2962.15700000,1619999999999,307954.41422100,588,1577.83700000,164840.98150300,0
2021-05-03,106.57800000,114.06000000,105.71400000,106.52800000,3136.09300000,1620086399999,344269.09823200,654,1911.33600000,209805.81080800,0
2021-05-04,106.41200000,106.41200000,93.30000000,96.38000000,7530.68700000,1620172799999,746234.23127000,1099,3587.44400000,358148.36828200,0
2021-05-05,95.97200000,117.18600000,95.74900000,115.74300000,6060.99800000,1620259199999,646863.02242700,835,3977.09000000,426218.87663700,0
2021-05-06,114.67100000,128.00000000,110.00000000,123.00000000,7886.71600000,1620345599999,938491.09371900,1596,4465.31300000,535450.31310900,0
2021-05-07,122.74500000,141.59600000,110.50000000,116.15500000,8528.65800000,1620431999999,1083793.11450600,1836,4753.26900000,609602.76557200,0
2021-05-08,116.15500000,122.65100000,111.86900000,116.90700000,2040.38100000,1620518399999,239458.82687400,438,1049.54500000,123298.61951400,0
2021-05-09,116.83000000,122.65200000,110.03500000,119.52800000,1936.82200000,1620604799999,225900.19199400,420,972.07600000,114128.78326100,0
2021-05-10,119.50900000,121.96000000,97.00000000,106.13400000,3565.21200000,1620691199999,387323.08643300,809,1367.33300000,149398.87323000,0
2021-05-11,106.40500000,116.00000000,100.66000000,115.48000000,2987.12800000,1620777599999,320669.42420100,530,1623.11900000,173968.62272100,0
2021-05-12,115.39200000,116.23600000,92.37600000,93.23400000,5828.92900000,1620863999999,620816.38636700,817,2902.69000000,313535.29188300,0
2021-05-13,95.00000000,101.84800000,88.04500000,96.49800000,7385.01100000,1620950399999,702413.64447300,1109,3928.10600000,377895.49314100,0
2021-05-14,96.29600000,103.84300000,95.59300000,100.34200000,2300.27300000,1621036799999,230834.65164200,340,1042.37100000,104358.96879300,0
2021-05-15,101.38300000,102.12500000,91.04300000,92.17800000,3469.79200000,1621123199999,332830.11960200,500,1481.55800000,142616.26832900,0
2021-05-16,92.79400000,101.05300000,86.71800000,92.44700000,2758.57700000,1621209599999,256746.92645100,527,1428.60800000,133171.22746900,0
2021-05-17,92.46300000,92.46300000,79.98300000,86.13700000,8160.84300000,1621295999999,694046.85267900,1019,3629.75600000,308694.87220300,0
2021-05-18,84.78000000,91.94600000,84.25200000,88.13700000,3421.69600000,1621382399999,298911.40939300,387,2050.14400000,177897.26219500,0
2021-05-19,88.06000000,89.37000000,40.25700000,55.38600000,29657.04000000,1621468799999,1836079.95053500,3408,13879.33200000,870313.53573000,0
2021-05-20,55.75700000,72.63400000,49.12300000,72.63400000,12725.97000000,1621555199999,781604.21298400,1286,6025.51400000,373912.01662100,0
2021-05-21,71.23000000,72.41100000,50.08000000,57.51600000,18087.40300000,1621641599999,1075699.23397500,1436,8255.48100000,490890.29817800,0
2021-05-22,58.14300000,58.26300000,49.54000000,51.23600000,5377.53800000,1621727999999,288684.27574900,469,2412.22500000,130279.05612300,0
2021-05-23,51.63400000,54.54000000,36.03900000,43.62100000,30057.57900000,1621814399999,1247349.02527700,2215,11331.01600000,480552.18583300,0
2021-05-24,43.15700000,57.02800000,41.43700000,53.54600000,8753.91100000,1621900799999,431060.93654100,734,3639.07900000,179880.76054100,0
2021-05-25,53.70000000,59.13700000,51.38600000,56.42000000,8529.83600000,1621987199999,467278.46825700,961,3779.35400000,206796.21346900,0
2021-05-26,55.86400000,64.49800000,55.23800000,62.43600000,4597.94600000,1622073599999,275470.41648300,426,2584.41500000,154897.52075200,0
2021-05-27,62.08700000,67.00000000,56.89100000,62.93600000,4446.83700000,1622159999999,276930.80776700,421,2329.22600000,144737.06362700,0
2021-05-28,62.43900000,63.23600000,52.19500000,54.47300000,8362.23100000,1622246399999,467175.44625100,753,4456.66700000,247907.39360700,0
2021-05-29,54.18400000,56.50000000,47.73900000,49.93600000,6327.88700000,1622332799999,320793.26364100,519,3217.11600000,162487.56599700,0
2021-05-30,49.73600000,53.63800000,47.00000000,51.43800000,3612.26700000,1622419199999,185153.76398800,353,1472.89600000,75385.45312900,0
2021-05-31,51.47000000,55.84700000,49.42000000,55.84700000,3112.51800000,1622505599999,165492.61938000,489,1766.55100000,94197.28144500,0
2021-06-01,56.10600000,56.69200000,52.29000000,53.90200000,2618.71100000,1622591999999,140833.38502500,388,1417.06600000,76400.81839900,0
2021-06-02,53.68000000,60.36700000,52.63000000,58.04200000,3142.07400000,1622678399999,180369.51103700,366,1551.23800000,88257.00061700,0
2021-06-03,57.82000000,65.91300000,57.78500000,61.66600000,6735.31500000,1622764799999,412063.36388600,565,3407.94200000,208667.66831300,0
2021-06-04,61.15200000,62.50500000,53.16900000,56.39000000,3540.46800000,1622851199999,198934.71173000,527,1438.46700000,81562.45508900,0
2021-06-05,57.22000000,60.60000000,53.91000000,55.37000000,1373.15300000,1622937599999,78222.09095500,233,812.38700000,46426.42140300,0
2021-06-06,55.52500000,57.51100000,55.52500000,56.56800000,2110.45500000,1623023999999,119690.48084000,144,591.85200000,33470.48001500,0
2021-06-07,56.64500000,58.23300000,50.66600000,51.06400000,3042.96700000,1623110399999,165901.25443700,309,1181.75600000,64324.86836600,0
2021-06-08,50.85000000,51.87700000,44.84200000,48.83800000,4459.06700000,1623196799999,217134.83554000,462,1804.99100000,88040.08912200,0
2021-06-09,48.27100000,51.27400000,46.13200000,51.04600000,1545.26900000,1623283199999,74841.82645700,273,1097.06900000,53156.63374000,0
2021-06-10,51.40000000,54.99900000,49.63500000,50.81200000,3858.98800000,1623369599999,203380.75564300,347,2227.01200000,117210.87523700,0
2021-06-11,50.34100000,50.77400000,46.50000000,47.27400000,922.38700000,1623455999999,45124.82870600,104,417.93100000,20320.47155200,0
2021-06-12,46.45500000,46.96400000,43.74200000,45.98700000,5743.72700000,1623542399999,262230.86285100,255,3862.22300000,176260.82025000,0
2021-06-13,45.70900000,49.24000000,44.61000000,49.00000000,1220.44000000,1623628799999,56182.73359300,86,681.90800000,31416.80040200,0
2021-06-14,48.67700000,51.88900000,48.26300000,50.06400000,1915.00600000,1623715199999,96730.68696700,139,909.92100000,45999.92258800,0
2021-06-15,50.97500000,51.98300000,49.17600000,50.27500000,2639.53600000,1623801599999,133011.16693200,217,966.15500000,48777.54587900,0
2021-06-16,49.80300000,51.17900000,47.62200000,48.38700000,2817.30300000,1623887999999,138718.25594700,187,1307.20400000,64682.74618700,0
2021-06-17,49.06800000,50.46900000,47.82400000,48.59600000,1256.76100000,1623974399999,61728.44483700,93,728.89200000,35999.37731800,0
2021-06-18,48.47900000,48.47900000,44.24200000,45.49100000,2913.69900000,1624060799999,134809.50929900,189,1110.64300000,51481.46164900,0
2021-06-19,45.44100000,46.38000000,44.53000000,44.60000000,2009.91400000,1624147199999,91216.06726800,123,1023.60200000,46574.70805300,0
2021-06-20,44.30200000,45.19000000,40.81900000,44.73700000,10324.97600000,1624233599999,434659.85097000,442,2890.20400000,124436.36208700,0
2021-06-21,43.98700000,43.98700000,31.69700000,32.22900000,14163.11400000,1624319999999,541052.41632100,629,4594.70000000,176102.19920300,0
2021-06-22,32.32000000,34.38300000,26.00000000,29.66100000,31822.90700000,1624406399999,933734.50623600,1132,14751.86700000,430319.89445000,0
2021-06-23,30.16200000,34.92000000,28.79200000,33.47500000,12980.87000000,1624492799999,424901.91617400,402,6705.02800000,219729.06285600,0
2021-06-24,33.71300000,35.36400000,31.67500000,34.84600000,5211.96600000,1624579199999,175105.51180900,259,2369.97000000,79939.12239600,0
2021-06-25,35.05500000,35.91000000,30.92200000,31.31500000,9287.95700000,1624665599999,303708.68664100,338,4671.11900000,153452.55374500,0
2021-06-26,31.29900000,32.69000000,29.40700000,31.11100000,7422.65900000,1624751999999,230480.80291300,301,3641.31300000,112953.44194300,0
2021-06-27,31.16700000,32.10500000,29.58900000,31.92700000,10273.28900000,1624838399999,317181.56180300,486,5089.83900000,156982.80495300,0
2021-06-28,31.63100000,33.35000000,30.51500000,33.06800000,8271.64900000,1624924799999,263108.34738400,402,3767.11100000,120502.46590800,0
2021-06-29,33.04100000,34.91400000,33.04100000,34.84500000,3141.65600000,1625011199999,106936.67708600,101,1673.48500000,56725.97415500,0
